STATION,NAME,LATITUDE,LONGITUDE,ELEVATION,DATE,AWND,AWND_ATTRIBUTES,CDSD,CLDD,CLDD_ATTRIBUTES,DP01,DP01_ATTRIBUTES,DP10,DP10_ATTRIBUTES,DT00,DT00_ATTRIBUTES,DT32,DT32_ATTRIBUTES,DX32,DX32_ATTRIBUTES,DX70,DX70_ATTRIBUTES,DX90,DX90_ATTRIBUTES,EMNT,EMNT_ATTRIBUTES,EMXP,EMXP_ATTRIBUTES,EMXT,EMXT_ATTRIBUTES,FZF0,FZF0_ATTRIBUTES,FZF1,FZF1_ATTRIBUTES,FZF2,FZF2_ATTRIBUTES,FZF3,FZF3_ATTRIBUTES,FZF5,FZF5_ATTRIBUTES,FZF6,FZF6_ATTRIBUTES,FZF7,FZF7_ATTRIBUTES,FZF8,FZF8_ATTRIBUTES,HDSD,HDSD_ATTRIBUTES,HTDD,HTDD_ATTRIBUTES,PRCP,PRCP_ATTRIBUTES,TAVG,TAVG_ATTRIBUTES,TMAX,TMAX_ATTRIBUTES,TMIN,TMIN_ATTRIBUTES,WDF2,WDF2_ATTRIBUTES,WDF5,WDF5_ATTRIBUTES,WSF2,WSF2_ATTRIBUTES,WSF5,WSF5_ATTRIBUTES
USW00093837,"JACKSONVILLE NAS, FL US",30.23333,-81.66667,6.1,2016,8.7,W,3949,3949,W,99,W,61,W,0,W,1,W,0,W,312,W,125,W,31,"W,0124, ",5.37," ,W,1007, ",101,"W,0710,+",,,,,,,,,31,"W,0124",,,,,,,589,2,589,W,36.1," ,W",73.9,W,82.5,W,65.3,W,340,W,330,W,53,W,68,W
USW00093837,"JACKSONVILLE NAS, FL US",30.23333,-81.66667,6.1,2017,,,,,,,,,,,,,,,,,,,,,,,,,,,,,,,,,,,,,,,,,,435,8,435,W,,,,,,,,,,,,,,,,
USW00093837,"JACKSONVILLE NAS, FL US",30.23333,-81.66667,6.1,2018,8.3,W,3612,3612,W,141,W,88,W,0,W,6,W,0,W,296,W,107,W,27,"W,0118, ",1.8," ,W,1203, ",97,"W,0916,+",,,,,,,,,32,"W,0119",27,"W,0118",,,,,,,,,45.2," ,W",72.5,W,80.8,W,64.3,W,330,W,330,W,40.9,W,51,W
USW00093837,"JACKSONVILLE NAS, FL US",30.23333,-81.66667,6.1,2019,8.7,W,3888,3888,W,134,W,77,W,0,W,0,W,0,W,307,W,102,W,36,"W,0130, ",3.61," ,W,1007, ",101,"W,0527, ",,,,,,,,,,,,,,,,,692,7,692,W,39.78," ,W",74.1,W,82.3,W,65.9,W,320,W,250,W,42.9,W,53,W
USW00093837,"JACKSONVILLE NAS, FL US",30.23333,-81.66667,6.1,2020,8.9,W,3841,3841,W,146,W,94,W,0,W,1,W,0,W,312,W,100,W,31,"W,1226, ",3.37," ,W,0607, ",99,"W,0711, ",31,"W,1226",,,,,,,,,,,,,,,500,6,500,W,52.11," ,W",73.7,W,81.9,W,65.5,W,210,W,210,W,59.1,W,76.1,W
USW00093837,"JACKSONVILLE NAS, FL US",30.23333,-81.66667,6.1,2021,8.3,W,3159,3159,W,125,W,83,W,0,W,0,W,0,W,295,W,60,W,36,"W,0203,+",4.05," ,W,0814, ",97,"W,0505, ",,,,,,,,,,,,,,,,,881,4,881,W,56.32," ,W",71.5,W,79.6,W,63.4,W,330,W,110,W,40,W,51,W
USW00093837,"JACKSONVILLE NAS, FL US",30.23333,-81.66667,6.1,2022,8.7,W,3575,3575,W,126,W,75,W,0,W,4,W,0,W,302,W,97,W,26,"W,1224, ",2.64," ,W,1110, ",103,"W,0623, ",26,"W,1224",26,"W,1224",,,,,31,"W,0130",,,,,,,714,5,714,W,45.35," ,W",72.6,W,81,W,64.2,W,350,W,10,W,42.9,W,55,W
USW00093837,"JACKSONVILLE NAS, FL US",30.23333,-81.66667,6.1,2023,8.7,W,3808,3808,W,122,W,78,W,0,W,0,W,0,W,317,W,101,W,37,"W,1230,+",3.23," ,W,1217, ",102,"W,0811,+",,,,,,,,,,,,,,,,,544,2,544,W,51.56," ,W",74,W,82.5,W,65.6,W,350,W,280,W,44.1,W,62,W
USW00012832,"APALACHICOLA AIRPORT, FL US",29.72681,-85.02481,5.5,2016,7.2,W,2939,2939,W,91,W,62,W,0,W,5,W,0,W,293,W,74,W,28,"W,0124, ",3.47," ,W,0901, ",96,"W,0608, ",,,,,,,,,32,"W,0210",,,,,,,946,5,946,W,48.58," ,W",70.1,W,79.1,W,61.1,W,360,W,250,W,38,W,55,W
USW00012832,"APALACHICOLA AIRPORT, FL US",29.72681,-85.02481,5.5,2017,7.2,W,2880,2880,W,103,W,68,W,0,W,3,W,0,W,311,W,50,W,29,"W,0108, ",4.83," ,W,0620, ",95,"W,0818,+",30,"W,1211",,,,,,,31,"W,0109",,,,,,,704,0,704,W,46.52," ,W",70.8,W,79.6,W,62.1,W,20,W,,,36.9,W,,
USW00012832,"APALACHICOLA AIRPORT, FL US",29.72681,-85.02481,5.5,2018,7.4,W,3049,3049,W,131,W,83,W,0,W,12,W,0,W,275,W,69,W,22,"W,0118, ",2.81," ,W,1201, ",96,"W,0628,+",31,"W,1212",,,,,,,27,"W,0119",27,"W,0119",22,"W,0118",,,1138,5,1138,W,56.7," ,W",70,W,78.4,W,61.5,W,160,W,,,63.1,W,,
USW00012832,"APALACHICOLA AIRPORT, FL US",29.72681,-85.02481,5.5,2019,7.2,W,2965,2965,W,111,W,71,W,0,W,3,W,0,W,285,W,73,W,30,"W,0121, ",3.42," ,W,0601, ",98,"W,0917, ",32,"W,1113",,,,,,,31,"W,0130",,,,,,,1153,5,1153,W,45.77," ,W",70.2,W,78.8,W,61.5,W,200,W,210,W,40,W,59.1,W
USW00012832,"APALACHICOLA AIRPORT, FL US",29.72681,-85.02481,5.5,2020,,,,,,105,W,65,W,,,,,,,,,,,,,7.95," ,W,0927, ",,,,,,,,,,,,,,,,,,,,,,,58.11," ,W",,,,,,,,,,,,,,
USW00012832,"APALACHICOLA AIRPORT, FL US",29.72681,-85.02481,5.5,2021,6.9,W,2648,2648,W,121,W,91,W,0,W,2,W,0,W,289,W,24,W,31,"W,0110, ",3.71," ,W,0816, ",95,"W,0723, ",,,,,,,,,31,"W,0110",,,,,,,1126,4,1126,W,75.73," ,W",69.5,W,77.7,W,61.2,W,150,W,140,W,51,W,68,W
USW00012832,"APALACHICOLA AIRPORT, FL US",29.72681,-85.02481,5.5,2022,6.9,W,2797,2797,W,112,W,73,W,0,W,11,W,0,W,286,W,54,W,21,"W,1224, ",5.89," ,W,0909, ",100,"W,0623, ",27,"W,1223",27,"W,1223",21,"W,1224",,,30,"W,0214",26,"W,0130",,,,,1048,0,1048,W,64," ,W",69.4,W,78.4,W,60.5,W,260,W,250,W,36.9,W,50.1,W
USW00012832,"APALACHICOLA AIRPORT, FL US",29.72681,-85.02481,5.5,2023,7.2,W,2965,2965,W,98,W,71,W,0,W,1,W,0,W,296,W,67,W,29,"W,0115, ",4.06," ,W,0902, ",97,"W,0818,+",,,,,,,,,29,"W,0115",,,,,,,878,7,878,W,58.83," ,W",70.7,W,79.3,W,62.2,W,260,W,260,W,42.9,W,55.9,W
USW00012876,"WINTER HAVEN GILBERT AIRPORT, FL US",28.06137,-81.75684,43.5,2016,6.3,W,3939,3939,W,119,W,75,W,0,W,0,W,0,W,336,W,126,W,33,"W,0124, ",2.08," ,W,0831, ",99,"W,0712, ",,,,,,,,,,,,,,,,,357,4,357,W,45.52," ,W",74.6,W,84.4,W,64.9,W,210,W,290,W,36,W,49,W
USW00012876,"WINTER HAVEN GILBERT AIRPORT, FL US",28.06137,-81.75684,43.5,2017,,,,,,102,W,69,W,,,,,,,,,,,,,6.21," ,W,0910, ",,,,,,,,,,,,,,,,,,,194,0,194,W,39.07," ,W",,,,,,,,,,,,,,
USW00012876,"WINTER HAVEN GILBERT AIRPORT, FL US",28.06137,-81.75684,43.5,2018,7.2,W,4143,4143,W,128,W,89,W,0,W,1,W,0,W,337,W,137,W,27,"W,0118, ",4," ,W,0729, ",96,"W,0927,+",,,,,,,,,27,"W,0118",27,"W,0118",,,,,,,,,54.43," ,W",75.1,W,84.5,W,65.6,W,100,W,180,W,32,W,42.9,W
USW00012876,"WINTER HAVEN GILBERT AIRPORT, FL US",28.06137,-81.75684,43.5,2019,7.2,W,4468,4468,W,134,W,91,W,0,W,0,W,0,W,340,W,164,W,40,"W,0121, ",3.54," ,W,0725, ",100,"W,0625, ",,,,,,,,,,,,,,,,,331,2,331,W,53.83," ,W",76.5,W,85.9,W,67.1,W,190,W,180,W,42.9,W,55.9,W
USW00012876,"WINTER HAVEN GILBERT AIRPORT, FL US",28.06137,-81.75684,43.5,2020,7.4,W,4390,4390,W,137,W,83,W,0,W,0,W,0,W,343,W,146,W,34,"W,0122, ",2.98," ,W,0928, ",98,"W,0629,+",,,,,,,,,,,,,,,,,274,4,274,W,45.81," ,W",76,W,85.4,W,66.7,W,310,W,320,W,36,W,48.1,W
USW00012876,"WINTER HAVEN GILBERT AIRPORT, FL US",28.06137,-81.75684,43.5,2021,6.9,W,4062,4062,W,117,W,65,W,0,W,0,W,0,W,344,W,137,W,37,"W,0204, ",2.53," ,W,1105, ",98,"W,0820, ",,,,,,,,,,,,,,,,,424,7,424,W,39.06," ,W",75.3,W,84.9,W,65.7,W,320,W,290,W,38.9,W,51,W
USW00012876,"WINTER HAVEN GILBERT AIRPORT, FL US",28.06137,-81.75684,43.5,2022,,,,,,,,,,,,,,,,,,,,,,,,,,,,,,,,,,,,,,,,,,287,6,287,W,,,,,,,,,,,,,,,,
USW00012876,"WINTER HAVEN GILBERT AIRPORT, FL US",28.06137,-81.75684,43.5,2023,7.2,W,4064,4064,W,114,W,74,W,0,W,0,W,0,W,342,W,127,W,37,"W,0115, ",3.23," ,W,0911, ",99,"W,0812,+",,,,,,,,,,,,,,,,,,,,,46.42," ,W",75.4,W,85.2,W,65.6,W,230,W,230,W,36.9,W,55,W
USW00012873,"ST PETERSBURG CLEARWATER INTERNATIONAL AIRPORT, FL US",27.91255,-82.68555,0.1,2016,8.3,W,4020,4020,W,105,W,69,W,0,W,0,W,0,W,326,W,112,W,38,"W,0125, ",4.67," ,W,0831, ",97,"W,0823, ",,,,,,,,,,,,,,,,,328,0,328,W,45.48," ,W",75,W,83,W,67,W,190,W,220,W,40,W,51,W
USW00012873,"ST PETERSBURG CLEARWATER INTERNATIONAL AIRPORT, FL US",27.91255,-82.68555,0.1,2017,7.8,W,4216,4216,W,121,W,81,W,0,W,0,W,0,W,346,W,122,W,35,"W,0108, ",3.82," ,W,0910, ",97,"W,0822, ",,,,,,,,,,,,,,,,,188,5,188,W,51.49," ,W",76,W,84.4,W,67.6,W,330,W,360,W,53,W,72.9,W
USW00012873,"ST PETERSBURG CLEARWATER INTERNATIONAL AIRPORT, FL US",27.91255,-82.68555,0.1,2018,,,,,,,,,,,,,,,,,,,,,,,,,,,,,,,,,,,,,,,,,,361,7,361,W,,,,,,,,,,,,,,,,
USW00012873,"ST PETERSBURG CLEARWATER INTERNATIONAL AIRPORT, FL US",27.91255,-82.68555,0.1,2019,8.1,W,4071,4071,W,114,W,78,W,0,W,0,W,0,W,334,W,110,W,41,"W,0129, ",3.61," ,W,0709, ",96,"W,0626, ",,,,,,,,,,,,,,,,,,,,,62.78," ,W",75.4,W,83.3,W,67.5,W,290,W,250,W,36,W,49,W
USW00012873,"ST PETERSBURG CLEARWATER INTERNATIONAL AIRPORT, FL US",27.91255,-82.68555,0.1,2020,8.5,W,4522,4522,W,116,W,71,W,0,W,0,W,0,W,339,W,126,W,37,"W,0122, ",5.88," ,W,1111, ",97,"W,0904,+",,,,,,,,,,,,,,,,,228,6,228,W,53.51," ,W",76.6,W,84.5,W,68.7,W,150,W,160,W,40.9,W,57.9,W
USW00012873,"ST PETERSBURG CLEARWATER INTERNATIONAL AIRPORT, FL US",27.91255,-82.68555,0.1,2021,8.1,W,4115,4115,W,116,W,81,W,0,W,0,W,0,W,337,W,109,W,42,"W,0204,+",2.96," ,W,0707, ",96,"W,0818,+",,,,,,,,,,,,,,,,,349,7,349,W,50.19," ,W",75.5,W,83.4,W,67.6,W,110,W,110,W,40.9,W,52.1,W
USW00012873,"ST PETERSBURG CLEARWATER INTERNATIONAL AIRPORT, FL US",27.91255,-82.68555,0.1,2022,8.1,W,,,,,,,,,,,,,,,,,,,,,,,,,,,,,,,,,,,,,,,,,,,,,,,,,,,,310,W,20,W,45,W,74,W
USW00012873,"ST PETERSBURG CLEARWATER INTERNATIONAL AIRPORT, FL US",27.91255,-82.68555,0.1,2023,8.3,W,4152,4152,W,97,W,56,W,0,W,0,W,0,W,331,W,106,W,38,"W,0116, ",2.15," ,W,0731, ",98,"W,0813, ",,,,,,,,,,,,,,,,,261,8,261,W,30.64," ,W",75.8,W,84.1,W,67.6,W,190,W,180,W,42.9,W,61.1,W
USW00013884,"CRESTVIEW FAA AP, FL US",30.77715,-86.51938,47.1,2016,,,2688,2688,W,110,W,72,W,0,W,37,W,0,W,292,W,119,W,22,"W,0124, ",3.43," ,W,0223, ",100,"W,0720,+",32,"W,1111",27,"W,1121",,,,,30,"W,0322",27,"W,0211",23,"W,0210",,,1365,2,1365,W,57.23," ,W",68.1,W,81,W,55.3,W,,,,,,,,
USW00013884,"CRESTVIEW FAA AP, FL US",30.77715,-86.51938,47.1,2017,4.5,W,2597,2597,W,124,W,84,W,0,W,22,W,0,W,312,W,95,W,20,"W,0109, ",6.16," ,W,1008, ",98,"W,0820, ",30,"W,1120",25,"W,1210",,,,,27,"W,0316",27,"W,0316",20,"W,0109",,,1100,1,1100,W,80.39," ,W",68.5,W,80.7,W,56.3,W,270,W,270,W,38,W,55,W
USW00013884,"CRESTVIEW FAA AP, FL US",30.77715,-86.51938,47.1,2018,4.5,W,2760,2760,W,145,W,105,W,0,W,37,W,0,W,283,W,115,W,18,"W,0118, ",4.31," ,W,0211, ",99,"W,0513, ",31,"W,1115",27,"W,1128",,,,,27,"W,0315",27,"W,0315",19,"W,0119",19,"W,0119",1626,5,1626,W,78.87," ,W",68,W,79.8,W,56.2,W,250,W,30,W,38.9,W,52.1,W
USW00013884,"CRESTVIEW FAA AP, FL US",30.77715,-86.51938,47.1,2019,4.3,W,2941,2941,W,,,,,0,W,25,W,0,W,292,W,134,W,26,"W,1113,+",,,102,"W,0918,+",30,"W,1112",26,"W,1113",,,,,32,"W,0323",26,"W,0126",,,,,1547,4,1547,W,,,68.9,W,81.4,W,56.5,W,260,W,250,W,36.9,W,51,W
USW00013884,"CRESTVIEW FAA AP, FL US",30.77715,-86.51938,47.1,2020,4.5,W,2756,2756,W,137,W,78,W,0,W,31,W,0,W,304,W,98,W,21,"W,0122, ",6.77," ,W,0916, ",99,"W,0720, ",32,"W,1124",23,"W,1202",23,"W,1202",,,30,"W,0229",27,"W,0228",21,"W,0122",,,1377,0,1377,W,70.98," ,W",68.9,W,80.8,W,56.9,W,200,W,200,W,40,W,61.1,W
USW00013884,"CRESTVIEW FAA AP, FL US",30.77715,-86.51938,47.1,2021,4,W,2555,2555,W,138,W,95,W,0,W,28,W,0,W,294,W,90,W,25,"W,0203,+",6.08," ,W,0424, ",99,"W,0615,+",30,"W,1114",,,,,,,31,"W,0403",27,"W,0217",,,,,1599,2,1599,W,70.98," ,W",67.8,W,79.6,W,56.1,W,330,W,,,36.9,W,,
USW00013884,"CRESTVIEW FAA AP, FL US",30.77715,-86.51938,47.1,2022,3.8,W,2653,2653,W,118,W,81,W,0,W,42,W,0,W,294,W,108,W,17,"W,1226, ",2.81," ,W,0318, ",104,"W,0623, ",28,"W,1020",27,"W,1219",22,"W,1223",18,"W,1224",29,"W,0314",25,"W,0313",23,"W,0214",,,1497,9,1497,W,54.97," ,W",68,W,80.9,W,55.1,W,270,W,290,W,51,W,77,W
USW00013884,"CRESTVIEW FAA AP, FL US",30.77715,-86.51938,47.1,2023,,,2753,2753,W,117,W,82,W,0,W,26,W,0,W,297,W,106,W,24,"W,0115, ",3.44," ,W,0713, ",103,"W,0827,+",32,"W,1101",26,"W,1102",,,,,28,"W,0321",27,"W,0320",,,,,1196,7,1196,W,50.83," ,W",69,W,81.6,W,56.4,W,300,W,190,W,36,W,63.1,W
USW00012871,"SARASOTA BRADENTON AIRPORT, FL US",27.40146,-82.55863,5.3,2016,8.1,W,4124,4124,W,99,W,68,W,0,W,0,W,0,W,337,W,124,W,34,"W,0125, ",7.76," ,W,0831, ",99,"W,0823, ",,,,,,,,,,,,,,,,,334,4,334,W,49.11," ,W",75.2,W,84.1,W,66.3,W,260,W,170,W,40.9,W,61.1,W
USW00012871,"SARASOTA BRADENTON AIRPORT, FL US",27.40146,-82.55863,5.3,2017,8.3,W,3733,3733,W,100,W,65,W,0,W,0,W,0,W,346,W,87,W,36,"W,0108, ",8.12," ,W,0826, ",97,"W,0519,+",,,,,,,,,,,,,,,,,215,6,215,W,65.02," ,W",74.6,W,83.4,W,65.7,W,360,W,340,W,49,W,70,W
USW00012871,"SARASOTA BRADENTON AIRPORT, FL US",27.40146,-82.55863,5.3,2018,8.3,W,3857,3857,W,113,W,77,W,0,W,1,W,0,W,334,W,105,W,30,"W,0118, ",4.18," ,W,1220, ",95,"W,0805, ",,,,,,,,,30,"W,0118",,,,,,,403,9,403,W,48.72," ,W",74.4,W,83.2,W,65.7,W,110,W,290,W,40,W,53.9,W
USW00012871,"SARASOTA BRADENTON AIRPORT, FL US",27.40146,-82.55863,5.3,2019,8.1,W,4304,4304,W,111,W,84,W,0,W,0,W,0,W,344,W,133,W,40,"W,0129, ",3.29," ,W,0816, ",99,"W,0626, ",,,,,,,,,,,,,,,,,286,8,286,W,50.1," ,W",76.2,W,84.8,W,67.5,W,200,W,200,W,38,W,66,W
USW00012871,"SARASOTA BRADENTON AIRPORT, FL US",27.40146,-82.55863,5.3,2020,8.5,W,4406,4406,W,119,W,76,W,0,W,0,W,0,W,346,W,117,W,37,"W,0122, ",6.41," ,W,1111, ",98,"W,0716, ",,,,,,,,,,,,,,,,,212,6,212,W,57.46," ,W",76.2,W,84.3,W,68.2,W,150,W,310,W,40,W,55.9,W
USW00012871,"SARASOTA BRADENTON AIRPORT, FL US",27.40146,-82.55863,5.3,2021,8.1,W,3826,3826,W,98,W,69,W,0,W,0,W,0,W,344,W,87,W,41,"W,0204, ",2.68," ,W,0727, ",97,"W,0705, ",,,,,,,,,,,,,,,,,311,7,311,W,46.71," ,W",74.8,W,83.1,W,66.4,W,160,W,120,W,38.9,W,53.9,W
USW00012871,"SARASOTA BRADENTON AIRPORT, FL US",27.40146,-82.55863,5.3,2022,8.1,W,3864,3864,W,115,W,75,W,0,W,0,W,0,W,340,W,90,W,34,"W,0131,+",6.67," ,W,0928, ",96,"W,0820,+",,,,,,,,,,,,,,,,,265,0,265,W,54.31," ,W",74.7,W,83.2,W,66.1,W,10,W,10,W,53,W,86.1,W
USW00012871,"SARASOTA BRADENTON AIRPORT, FL US",27.40146,-82.55863,5.3,2023,8.5,W,4269,4269,W,83,W,41,W,0,W,0,W,0,W,346,W,117,W,38,"W,0116,+",2.47," ,W,0417, ",99,"W,0705, ",,,,,,,,,,,,,,,,,251,6,251,W,27.15," ,W",76.1,W,84.5,W,67.7,W,180,W,180,W,48.1,W,70,W
USC00088824,"TARPON SPGS SEWAGE PLANT, FL US",28.15225,-82.7538,1.8,2016,,,3723,3723,7,105,7,60,7,0,7,0,7,0,7,326,7,88,7,36,"7,0125,+",5.25," ,7,0902, ",97,"7,0711, ",,,,,,,,,,,,,,,,,438,5,438,7,53.38," ,7",73.8,7,81.7,7,66,7,,,,,,,,
USC00088824,"TARPON SPGS SEWAGE PLANT, FL US",28.15225,-82.7538,1.8,2017,,,3720,3720,7,122,7,76,7,0,7,0,7,0,7,343,7,99,7,33,"7,0108, ",7.13," ,7,0829, ",96,"7,0809,+",,,,,,,,,,,,,,,,,275,7,275,7,52.43," ,7",74.3,7,82.3,7,66.3,7,,,,,,,,
USC00088824,"TARPON SPGS SEWAGE PLANT, FL US",28.15225,-82.7538,1.8,2018,,,3912,3912,7,126,7,89,7,0,7,2,7,0,7,318,7,112,7,28,"7,0118, ",4.51," ,7,1220, ",96,"7,0816, ",,,,,,,,,28,"7,0118",28,"7,0118",,,,,536,6,536,7,63.62," ,7",74,7,82,7,66.1,7,,,,,,,,
USC00088824,"TARPON SPGS SEWAGE PLANT, FL US",28.15225,-82.7538,1.8,2019,,,3981,3981,7,110,7,87,7,0,7,0,7,0,7,330,7,110,7,39,"7,0121,+",3.6," ,7,0816, ",96,"7,0714,+",,,,,,,,,,,,,,,,,465,6,465,7,67.48," ,7",74.9,7,82.8,7,67,7,,,,,,,,
USC00088824,"TARPON SPGS SEWAGE PLANT, FL US",28.15225,-82.7538,1.8,2020,,,4084,4084,7,97,7,79,7,0,7,8,7,0,7,333,7,104,7,24,"7,1226, ",5.2," ,7,0606, ",97,"7,0626, ",30,"7,1202",26,"7,1218",24,"7,1226",,,,,,,,,,,351,0,351,7,50.58," ,7",74.7,7,83.3,7,66,7,,,,,,,,
USC00088824,"TARPON SPGS SEWAGE PLANT, FL US",28.15225,-82.7538,1.8,2021,,,3351,3351,7,101,7,72,7,0,7,0,7,0,7,322,7,86,7,35,"7,0204, ",2.64," ,7,0901, ",96,"7,0628, ",,,,,,,,,,,,,,,,,688,2,688,7,52.21," ,7",72.6,7,82.2,7,63,7,,,,,,,,
USC00088824,"TARPON SPGS SEWAGE PLANT, FL US",28.15225,-82.7538,1.8,2022,,,3182,3182,7,96,7,70,7,0,7,3,7,0,7,332,7,114,7,24,"7,1225,+",2.72," ,7,1110, ",99,"7,0825, ",24,"7,1224",24,71224,24,"7,1224",,,,,,,,,,,527,6,527,7,44.35," ,7",72.2,7,83.4,7,60.9,7,,,,,,,,
USC00088824,"TARPON SPGS SEWAGE PLANT, FL US",28.15225,-82.7538,1.8,2023,,,3483,3483,7,65,7,52,7,0,7,3,7,0,7,335,7,93,7,30,"7,1231, ",2," ,7,1216,+",99,"7,0821, ",30,"7,1231",,,,,,,31,"7,0115",,,,,,,485,3,485,7,25.5," ,7",73.2,7,82.8,7,63.6,7,,,,,,,,
USC00086767,"PALM COAST 6 NE, FL US",29.6319,-81.2061,1.5,2016,,,,,,,,,,,,,,,,,,,,,,,,,,,,,,,,,,,,,,,,,,498,8,498,7,,,,,,,,,,,,,,,,
USC00086767,"PALM COAST 6 NE, FL US",29.6319,-81.2061,1.5,2017,,,,,,,,,,,,,,,,,,,,,,,,,,,,,,,,,,,,,,,,,,,,,,,,,,,,,,,,,,,,,
USC00086767,"PALM COAST 6 NE, FL US",29.6319,-81.2061,1.5,2022,,,3221,3221,7,101,7,69,7,0,7,2,7,0,7,285,7,87,7,31,"7,1226,+",2.89," ,7,0625, ",104,"7,0624, ",31,"7,1225",,,,,,,,,,,,,,,,,,,49.48," ,7",73.1,7,81.1,7,65,7,,,,,,,,
USC00086767,"PALM COAST 6 NE, FL US",29.6319,-81.2061,1.5,2023,,,,,,,,,,,,,,,,,,,,,,,,,,,,,,,,,,,,,,,,,,389,0,389,7,,,,,,,,,,,,,,,,
USC00085359,"MARCO ISLAND, FL US",25.9491,-81.7138,3,2016,,,4488,4488,7,124,7,79,7,0,7,0,7,0,7,346,7,122,7,43,"7,0125, ",3.9," ,7,0123, ",97,"7,0824, ",,,,,,,,,,,,,,,,,177,6,177,7,57.8," ,7",76.7,7,85,7,68.4,7,,,,,,,,
USC00085359,"MARCO ISLAND, FL US",25.9491,-81.7138,3,2017,,,,,,116,7,82,7,,,,,,,,,,,,,9.68," ,7,0606, ",,,,,,,,,,,,,,,,,,,93,8,93,7,80.03," ,7",,,,,,,,,,,,,,
USC00085359,"MARCO ISLAND, FL US",25.9491,-81.7138,3,2018,,,,,,117,7,64,7,,,,,,,,,,,,,3.33," ,7,0904, ",,,,,,,,,,,,,,,,,,,,,,,36.07," ,7",,,,,,,,,,,,,,
USC00085359,"MARCO ISLAND, FL US",25.9491,-81.7138,3,2019,,,4413,4413,7,122,7,86,7,0,7,0,7,0,7,349,7,125,7,43,"7,0122, ",3.47," ,7,0618, ",96,"7,0628, ",,,,,,,,,,,,,,,,,,,,,57.09," ,7",76.6,7,84.9,7,68.4,7,,,,,,,,
USC00085359,"MARCO ISLAND, FL US",25.9491,-81.7138,3,2020,,,4484,4484,7,114,7,81,7,0,7,0,7,0,7,353,7,130,7,38,"7,0123,+",4.38," ,7,0720, ",97,"7,0628, ",,,,,,,,,,,,,,,,,139,2,139,7,62.69," ,7",76.7,7,84.9,7,68.4,7,,,,,,,,
USC00085359,"MARCO ISLAND, FL US",25.9491,-81.7138,3,2021,,,4198,4198,7,100,7,69,7,0,7,0,7,0,7,354,7,101,7,44,"7,0205,+",4.03," ,7,0707, ",95,"7,0819, ",,,,,,,,,,,,,,,,,204,3,204,7,54.41," ,7",76.1,7,84.4,7,67.8,7,,,,,,,,
USC00085359,"MARCO ISLAND, FL US",25.9491,-81.7138,3,2022,,,4409,4409,7,114,7,78,7,0,7,0,7,0,7,350,7,120,7,37,"7,0131,+",5.71," ,7,0604, ",96,"7,0821,+",,,,,,,,,,,,,,,,,139,1,139,7,50.57," ,7",76.6,7,85.3,7,68,7,,,,,,,,
USC00085359,"MARCO ISLAND, FL US",25.9491,-81.7138,3,2023,,,4491,4491,7,86,7,45,7,0,7,0,7,0,7,357,7,124,7,42,"7,0116,+",4.28," ,7,1116, ",97,"7,0816,+",,,,,,,,,,,,,,,,,132,5,132,7,35.25," ,7",77,7,85.4,7,68.6,7,,,,,,,,
USW00053853,"DESTIN FORT WALTON BEACH AIRPORT, FL US",30.39333,-86.46738,5.4,2016,6.7,W,3620,3620,W,84,W,64,W,0,W,0,W,0,W,293,W,108,W,34,"W,0124, ",5.78," ,W,1205, ",97,"W,0720,+",,,,,,,,,,,,,,,,,750,9,750,W,56.08," ,W",72.6,W,79.9,W,65.4,W,140,W,130,W,36.9,W,49,W
USW00053853,"DESTIN FORT WALTON BEACH AIRPORT, FL US",30.39333,-86.46738,5.4,2017,6.7,W,3527,3527,W,109,W,73,W,0,W,2,W,0,W,317,W,79,W,29,"W,0108, ",3.27," ,W,0520, ",99,"W,0824, ",,,,,,,,,29,"W,0108",,,,,,,473,7,473,W,63.35," ,W",73,W,80.2,W,65.8,W,140,W,190,W,35.1,W,57,W
USW00053853,"DESTIN FORT WALTON BEACH AIRPORT, FL US",30.39333,-86.46738,5.4,2018,6.5,W,,,,124,W,88,W,,,,,,,,,,,,,6.58," ,W,0211, ",,,,,,,,,,,,,,,,,,,888,6,888,W,70.17," ,W",,,,,,,340,W,350,W,42.9,W,59.1,W
USW00053853,"DESTIN FORT WALTON BEACH AIRPORT, FL US",30.39333,-86.46738,5.4,2019,6.7,W,,,,101,W,67,W,,,,,,,,,,,,,2.88," ,W,0606, ",,,,,,,,,,,,,,,,,,,,,,,53.35," ,W",,,,,,,330,W,60,W,31.1,W,42.1,W
USW00053853,"DESTIN FORT WALTON BEACH AIRPORT, FL US",30.39333,-86.46738,5.4,2020,6.9,W,,,,107,W,69,W,0,W,1,W,,,,,,,30,"W,0121, ",7.26," ,W,0915, ",,,,,,,,,,,30,"W,0121",,,,,,,,,,,56.41," ,W",,,,,64,W,340,W,350,W,36,W,47,W
USW00053853,"DESTIN FORT WALTON BEACH AIRPORT, FL US",30.39333,-86.46738,5.4,2021,6.3,W,2982,2982,W,,,,,0,W,1,W,0,W,300,W,40,W,29,"W,0216, ",,,95,"W,0727,+",,,,,,,,,29,"W,0216",,,,,,,1074,6,1074,W,,,70.8,W,77.8,W,63.8,W,150,W,150,W,32,W,47,W
USW00053853,"DESTIN FORT WALTON BEACH AIRPORT, FL US",30.39333,-86.46738,5.4,2022,6.5,W,3316,3316,W,107,W,72,W,0,W,4,W,0,W,287,W,79,W,22,"W,1224, ",2.45," ,W,0909, ",102,"W,0618, ",26,"W,1223",26,"W,1223",22,"W,1224",,,32,"W,0130",,,,,,,821,9,821,W,45.5," ,W",71.5,W,79.2,W,63.7,W,330,W,,,38,W,,
USW00053853,"DESTIN FORT WALTON BEACH AIRPORT, FL US",30.39333,-86.46738,5.4,2023,6.3,W,3335,3335,W,101,W,66,W,0,W,0,W,0,W,300,W,80,W,35,"W,0218, ",3.12," ,W,1202, ",104,"W,0826, ",,,,,,,,,,,,,,,,,697,1,697,W,48.65," ,W",72,W,79.6,W,64.5,W,330,W,320,W,38,W,69.1,W
USW00053860,"JACKSONVILLE CRAIG MUNICIPAL AIRPORT, FL US",30.33708,-81.51277,11.9,2016,7.2,W,3213,3213,W,91,W,57,W,0,W,6,W,0,W,300,W,102,W,30,"W,0124,+",6.64," ,W,1007, ",101,"W,0729,+",,,,,,,,,32,"W,0211",,,,,,,775,6,775,W,38.43," ,W",71.1,W,80.7,W,61.6,W,360,W,20,W,47,W,69.1,W
USW00053860,"JACKSONVILLE CRAIG MUNICIPAL AIRPORT, FL US",30.33708,-81.51277,11.9,2017,7.2,W,2965,2965,W,96,W,67,W,0,W,2,W,0,W,315,W,56,W,29,"W,0108, ",4.69," ,W,0612, ",95,"W,0816, ",,,,,,,,,32,"W,0109",,,,,,,712,5,712,W,55.3," ,W",71,W,80.2,W,61.9,W,140,W,140,W,46.1,W,70,W
USW00053860,"JACKSONVILLE CRAIG MUNICIPAL AIRPORT, FL US",30.33708,-81.51277,11.9,2018,6.9,W,3107,3107,W,125,W,81,W,0,W,9,W,0,W,289,W,64,W,26,"W,0118, ",2.37," ,W,0815, ",96,"W,0916,+",32,"W,1212",,,,,,,27,"W,0119",27,"W,0119",,,,,970,8,970,W,45.11," ,W",70.7,W,79.6,W,61.7,W,140,W,140,W,35.1,W,46.1,W
USW00053860,"JACKSONVILLE CRAIG MUNICIPAL AIRPORT, FL US",30.33708,-81.51277,11.9,2019,7.2,W,3196,3196,W,133,W,82,W,0,W,1,W,0,W,292,W,83,W,32,"W,0130, ",3.86," ,W,1007, ",99,"W,0527, ",,,,,,,,,32,"W,0130",,,,,,,935,3,935,W,47.63," ,W",71.4,W,80.6,W,62.3,W,330,W,320,W,36.9,W,48.1,W
USW00053860,"JACKSONVILLE CRAIG MUNICIPAL AIRPORT, FL US",30.33708,-81.51277,11.9,2020,7.2,W,3351,3351,W,160,W,99,W,0,W,2,W,0,W,310,W,81,W,30,"W,1227, ",4.84," ,W,0607, ",96,"W,0905,+",31,"W,1226",,,,,,,,,,,,,,,757,8,757,W,58.83," ,W",71.9,W,80.7,W,63.1,W,220,W,220,W,42.9,W,53,W
USW00053860,"JACKSONVILLE CRAIG MUNICIPAL AIRPORT, FL US",30.33708,-81.51277,11.9,2021,6.5,W,3015,3015,W,124,W,85,W,0,W,2,W,0,W,299,W,64,W,31,"W,0117, ",2.37," ,W,0704, ",97,"W,0615,+",,,,,,,,,32,"W,0204",,,,,,,931,1,931,W,61.44," ,W",70.9,W,80,W,61.8,W,230,W,230,W,36,W,47,W
USW00053860,"JACKSONVILLE CRAIG MUNICIPAL AIRPORT, FL US",30.33708,-81.51277,11.9,2022,6.9,W,3220,3220,W,128,W,80,W,0,W,6,W,0,W,304,W,88,W,26,"W,1226,+",2.44," ,W,1110,+",103,"W,0623, ",26,"W,1224",26,"W,1224",,,,,27,"W,0130",27,"W,0130",,,,,807,5,807,W,50.29," ,W",71.4,W,80.7,W,62,W,290,W,40,W,38.9,W,59.9,W
USW00053860,"JACKSONVILLE CRAIG MUNICIPAL AIRPORT, FL US",30.33708,-81.51277,11.9,2023,7.2,W,3291,3291,W,133,W,86,W,0,W,1,W,0,W,306,W,94,W,31,"W,0116, ",3.97," ,W,0926, ",100,"W,0730, ",,,,,,,,,31,"W,0116",,,,,,,702,1,702,W,57.49," ,W",72.1,W,81.7,W,62.5,W,230,W,200,W,38,W,59.1,W
USW00063871,"BONIFAY TRI CO AIRPORT, FL US",30.84315,-85.60431,31.2,2016,,,,,,,,,,0,W,19,W,,,,,,,26,"W,0124, ",,,,,31,"W,1120",,,,,,,30,"W,0211",26,"W,0124",,,,,,,,,,,,,,,57.2,W,170,W,170,W,36,W,51,W
USW00063871,"BONIFAY TRI CO AIRPORT, FL US",30.84315,-85.60431,31.2,2019,,,,,,,,,,,,,,,,,,,,,,,,,,,,,,,,,,,,,,,,,,,,,,,,,,,,,,,,,,,,,
USW00063871,"BONIFAY TRI CO AIRPORT, FL US",30.84315,-85.60431,31.2,2020,3.8,W,2999,2999,W,,,,,0,W,15,W,0,W,303,W,104,W,25,"W,1226,+",,,98,"W,0905,+",29,"W,1201",27,"W,1218",,,,,32,"W,0228",25,"W,0122",,,,,,,,,,,70.1,W,81.4,W,58.8,W,140,W,340,W,32,W,52.1,W
USW00063871,"BONIFAY TRI CO AIRPORT, FL US",30.84315,-85.60431,31.2,2021,3.4,W,2568,2568,W,,,,,0,W,14,W,0,W,283,W,84,W,27,"W,0117, ",,,98,"W,0810,+",31,"W,1124",,,,,,,32,"W,0220",27,"W,0117",,,,,1366,7,1366,W,,,68.7,W,79.9,W,57.6,W,350,W,330,W,35.1,W,53,W
USW00063871,"BONIFAY TRI CO AIRPORT, FL US",30.84315,-85.60431,31.2,2022,,,,,,,,,,,,,,,,,,,,,,,,,,,,,,,,,,,,,,,,,,,,,,,,,,,,,,,,,,,,,
USW00063871,"BONIFAY TRI CO AIRPORT, FL US",30.84315,-85.60431,31.2,2023,,,,,,,,,,,,,,,,,,,,,,,,,,,,,,,,,,,,,,,,,,,,,,,,,,,,,,,,,,,,,
USW00093805,"TALLAHASSEE REGIONAL AIRPORT, FL US",30.39354,-84.35136,17.1,2016,5.8,W,3248,3248,W,108,W,74,W,0,W,18,W,0,W,312,W,134,W,26,"W,0124,+",4.11," ,W,0606, ",100,"W,0823,+",30,"W,1121",,,,,,,32,"W,0228",27,"W,0210",,,,,968,6,968,W,59.85," ,W",70.7,W,82.4,W,59,W,290,W,200,W,36,W,53,W
USW00093805,"TALLAHASSEE REGIONAL AIRPORT, FL US",30.39354,-84.35136,17.1,2017,5.6,W,2910,2910,W,114,W,74,W,0,W,10,W,0,W,318,W,90,W,23,"W,0109, ",3.92," ,W,0606, ",98,"W,0818, ",29,"W,1209",26,"W,1210",,,,,27,"W,0316",27,"W,0316",23,"W,0109",,,834,5,834,W,55.22," ,W",70.1,W,81.3,W,58.9,W,290,W,330,W,40.9,W,55,W
USW00093805,"TALLAHASSEE REGIONAL AIRPORT, FL US",30.39354,-84.35136,17.1,2018,5.6,W,3033,3033,W,135,W,101,W,0,W,23,W,0,W,288,W,118,W,20,"W,0118, ",4.21," ,W,0319, ",98,"W,0620, ",29,"W,1128",26,"W,1212",,,,,27,"W,0315",27,"W,0315",21,"W,0119",,,1362,5,1362,W,79.87," ,W",69.5,W,80.1,W,58.9,W,150,W,150,W,49,W,70.9,W
USW00093805,"TALLAHASSEE REGIONAL AIRPORT, FL US",30.39354,-84.35136,17.1,2019,5.8,W,3223,3223,W,121,W,71,W,0,W,15,W,0,W,303,W,130,W,28,"W,1219,+",2.67," ,W,0719, ",101,"W,0918, ",29,"W,1203",,,,,,,31,"W,0307",,,,,,,1240,9,1240,W,39.07," ,W",70.5,W,81.6,W,59.5,W,210,W,170,W,40,W,57.9,W
USW00093805,"TALLAHASSEE REGIONAL AIRPORT, FL US",30.39354,-84.35136,17.1,2020,6,W,3141,3141,W,121,W,84,W,0,W,17,W,0,W,311,W,94,W,22,"W,1226, ",3.89," ,W,0916, ",98,"W,0905,+",30,"W,1201",27,"W,1202",22,"W,1226",,,29,"W,0228",,,,,,,1104,3,1104,W,60.84," ,W",70.4,W,81.1,W,59.8,W,280,W,280,W,42.9,W,55,W
USW00093805,"TALLAHASSEE REGIONAL AIRPORT, FL US",30.39354,-84.35136,17.1,2021,5.4,W,2727,2727,W,122,W,88,W,0,W,18,W,0,W,298,W,80,W,26,"W,0117, ",3.53," ,W,0102, ",98,"W,0731, ",32,"W,1123",27,"W,1124",,,,,32,"W,0309",27,"W,0204",,,,,1359,3,1359,W,48.63," ,W",69,W,79.8,W,58.1,W,120,W,230,W,38,W,47,W
USW00093805,"TALLAHASSEE REGIONAL AIRPORT, FL US",30.39354,-84.35136,17.1,2022,5.6,W,2865,2865,W,118,W,78,W,0,W,20,W,0,W,295,W,102,W,18,"W,1226, ",3.62," ,W,0625, ",104,"W,0624, ",31,"W,1020",27,"W,1223",20,"W,1224",19,"W,1225",32,"W,0313",25,"W,0214",19,"W,0130",19,"W,0130",1267,9,1267,W,58.41," ,W",69.1,W,80.7,W,57.6,W,300,W,300,W,38.9,W,50.1,W
USW00093805,"TALLAHASSEE REGIONAL AIRPORT, FL US",30.39354,-84.35136,17.1,2023,5.6,W,3186,3186,W,112,W,79,W,0,W,12,W,0,W,313,W,103,W,26,"W,0115, ",4.3," ,W,1202, ",102,"W,0825, ",27,"W,1129",27,"W,1129",,,,,32,"W,0321",26,"W,0115",,,,,972,9,972,W,60.03," ,W",71.1,W,82.4,W,59.8,W,80,W,340,W,40,W,57,W
USW00013899,"PENSACOLA REGIONAL AIRPORT, FL US",30.47612,-87.18575,36,2016,7.6,W,3188,3188,W,108,W,77,W,0,W,5,W,0,W,288,W,84,W,27,"W,0124, ",4.09," ,W,1205, ",97,"W,0924, ",,,,,,,,,29,"W,0210",27,"W,0124",,,,,991,4,991,W,64.65," ,W",70.8,W,79.3,W,62.2,W,320,W,310,W,48.1,W,59.9,W
USW00013899,"PENSACOLA REGIONAL AIRPORT, FL US",30.47612,-87.18575,36,2017,7.8,W,3300,3300,W,140,W,92,W,0,W,3,W,0,W,309,W,72,W,26,"W,0108, ",5.46," ,W,0830, ",98,"W,0720, ",32,"W,1210",,,,,,,26,"W,0108",26,"W,0108",,,,,655,0,655,W,91.96," ,W",71.7,W,80,W,63.3,W,130,W,130,W,44.1,W,57,W
USW00013899,"PENSACOLA REGIONAL AIRPORT, FL US",30.47612,-87.18575,36,2018,7.6,W,3176,3176,W,156,W,98,W,0,W,11,W,0,W,276,W,76,W,21,"W,0118, ",6.4," ,W,0905, ",98,"W,0513, ",,,,,,,,,26,"W,0119",26,"W,0119",21,"W,0118",,,1224,9,1224,W,90.05," ,W",70.2,W,78.4,W,62,W,330,W,320,W,40,W,55.9,W
USW00013899,"PENSACOLA REGIONAL AIRPORT, FL US",30.47612,-87.18575,36,2019,7.8,W,3282,3282,W,119,W,71,W,0,W,1,W,0,W,285,W,111,W,29,"W,1113, ",3.6," ,W,0606, ",102,"W,0918,+",29,"W,1113",,,,,,,,,,,,,,,1168,0,1168,W,52.58," ,W",71,W,79.8,W,62.1,W,10,W,270,W,36,W,53,W
USW00013899,"PENSACOLA REGIONAL AIRPORT, FL US",30.47612,-87.18575,36,2020,8.1,W,3205,3205,W,130,W,83,W,0,W,6,W,0,W,304,W,73,W,29,"W,1226,+",11.85," ,W,0916, ",98,"W,0905, ",30,"W,1201",,,,,,,31,"W,0122",,,,,,,971,5,971,W,76.5," ,W",71.1,W,79.7,W,62.6,W,160,W,160,W,74,W,91.9,W
USW00013899,"PENSACOLA REGIONAL AIRPORT, FL US",30.47612,-87.18575,36,2021,7.8,W,2965,2965,W,149,W,97,W,0,W,7,W,0,W,290,W,56,W,27,"W,0216, ",8.23," ,W,1004, ",97,"W,0801,+",,,,,,,,,32,"W,0220",27,"W,0216",,,,,1219,0,1219,W,88.48," ,W",70.1,W,78.4,W,61.7,W,150,W,140,W,57.9,W,81,W
USW00013899,"PENSACOLA REGIONAL AIRPORT, FL US",30.47612,-87.18575,36,2022,7.6,W,3201,3201,W,118,W,81,W,0,W,6,W,0,W,289,W,72,W,20,"W,1224, ",4.59," ,W,0811, ",101,"W,0623, ",24,"W,1223",24,"W,1223",20,"W,1224",,,32,"W,0129",,,,,,,1041,2,1041,W,69.08," ,W",70.5,W,79.2,W,61.7,W,300,W,300,W,51,W,74,W
USW00013899,"PENSACOLA REGIONAL AIRPORT, FL US",30.47612,-87.18575,36,2023,7.8,W,3452,3452,W,115,W,71,W,0,W,2,W,0,W,295,W,92,W,30,"W,0320, ",9.3," ,W,0615, ",105,"W,0826, ",,,,,,,,,30,"W,0320",,,,,,,874,4,874,W,59.21," ,W",72,W,80.8,W,63.2,W,340,W,340,W,38.9,W,51,W
USW00012843,"VERO BEACH INTERNATIONAL AIRPORT, FL US",27.6553,-80.41425,5.7,2016,8.3,W,3801,3801,W,122,W,73,W,0,W,0,W,0,W,342,W,89,W,35,"W,0124, ",11.22," ,W,0517, ",96,"W,0807,+",,,,,,,,,,,,,,,,,298,8,298,W,65.33," ,W",74.4,W,83,W,65.9,W,310,W,280,W,55,W,74,W
USW00012843,"VERO BEACH INTERNATIONAL AIRPORT, FL US",27.6553,-80.41425,5.7,2017,8.3,W,3848,3848,W,131,W,75,W,0,W,0,W,0,W,350,W,88,W,34,"W,0131, ",8.11," ,W,0910, ",97,"W,0729,+",,,,,,,,,,,,,,,,,195,1,195,W,58.44," ,W",74.8,W,83.8,W,65.7,W,190,W,70,W,38,W,53.9,W
USW00012843,"VERO BEACH INTERNATIONAL AIRPORT, FL US",27.6553,-80.41425,5.7,2018,8.1,W,3819,3819,W,117,W,66,W,0,W,1,W,0,W,340,W,84,W,32,"W,0118, ",2.2," ,W,0514, ",98,"W,0722, ",,,,,,,,,32,"W,0118",,,,,,,377,7,377,W,40.53," ,W",74.4,W,83.5,W,65.2,W,260,W,260,W,42.9,W,62,W
USW00012843,"VERO BEACH INTERNATIONAL AIRPORT, FL US",27.6553,-80.41425,5.7,2019,8.3,W,3948,3948,W,126,W,79,W,0,W,0,W,0,W,348,W,91,W,38,"W,0121, ",4.49," ,W,1212, ",97,"W,0906,+",,,,,,,,,,,,,,,,,301,0,301,W,49.8," ,W",75.1,W,83.9,W,66.3,W,330,W,320,W,35.1,W,53.9,W
USW00012843,"VERO BEACH INTERNATIONAL AIRPORT, FL US",27.6553,-80.41425,5.7,2020,8.7,W,4176,4176,W,146,W,89,W,0,W,0,W,0,W,346,W,96,W,37,"W,1226,+",4.69," ,W,1003, ",97,"W,0701,+",,,,,,,,,,,,,,,,,238,3,238,W,64.12," ,W",75.5,W,84,W,67.1,W,300,W,70,W,35.1,W,47,W
USW00012843,"VERO BEACH INTERNATIONAL AIRPORT, FL US",27.6553,-80.41425,5.7,2021,7.8,W,3883,3883,W,118,W,64,W,0,W,1,W,0,W,351,W,91,W,30,"W,0204, ",2.87," ,W,1121, ",97,"W,0723, ",,,,,,,,,30,"W,0204",,,,,,,375,5,375,W,40.56," ,W",74.9,W,84.3,W,65.5,W,330,W,320,W,38.9,W,52.1,W
USW00012843,"VERO BEACH INTERNATIONAL AIRPORT, FL US",27.6553,-80.41425,5.7,2022,8.5,W,3830,3830,W,113,W,60,W,0,W,2,W,0,W,348,W,101,W,28,"W,0131, ",4.97," ,W,0604, ",98,"W,0817,+",,,,,,,,,28,"W,0131",,,,,,,251,4,251,W,45.19," ,W",74.6,W,83.7,W,65.5,W,140,W,160,W,49,W,66,W
USW00012843,"VERO BEACH INTERNATIONAL AIRPORT, FL US",27.6553,-80.41425,5.7,2023,8.3,W,4065,4065,W,124,W,79,W,0,W,0,W,0,W,351,W,99,W,33,"W,0116, ",3.23," ,W,0731, ",98,"W,0810, ",,,,,,,,,,,,,,,,,192,6,192,W,55.33," ,W",75.6,W,84.7,W,66.5,W,230,W,230,W,51,W,67.1,W
USW00012841,"ORLANDO EXECUTIVE AIRPORT, FL US",28.54653,-81.33544,31.7,2016,7.4,W,4052,4052,W,125,W,83,W,0,W,0,W,0,W,336,W,122,W,35,"W,0124, ",2.59," ,W,0804, ",98,"W,0708,+",,,,,,,,,,,,,,,,,316,6,316,W,54.87," ,W",75.1,W,84.1,W,66,W,280,W,270,W,40.9,W,57,W
USW00012841,"ORLANDO EXECUTIVE AIRPORT, FL US",28.54653,-81.33544,31.7,2017,7.6,W,4021,4021,W,115,W,68,W,0,W,0,W,0,W,348,W,131,W,35,"W,0108, ",6.95," ,W,0910, ",96,"W,0831,+",,,,,,,,,,,,,,,,,200,2,200,W,47.84," ,W",75.3,W,84.7,W,65.9,W,110,W,120,W,55.9,W,78.1,W
USW00012841,"ORLANDO EXECUTIVE AIRPORT, FL US",28.54653,-81.33544,31.7,2018,7.4,W,4074,4074,W,136,W,85,W,0,W,2,W,0,W,332,W,125,W,28,"W,0118, ",3.84," ,W,0819, ",96,"W,0919,+",,,,,,,,,28,"W,0118",,,,,,,403,8,403,W,52.32," ,W",74.9,W,84,W,65.7,W,180,W,200,W,40,W,52.1,W
USW00012841,"ORLANDO EXECUTIVE AIRPORT, FL US",28.54653,-81.33544,31.7,2019,7.4,W,4173,4173,W,132,W,84,W,0,W,0,W,0,W,338,W,130,W,38,"W,0121, ",4.1," ,W,0814, ",98,"W,0703,+",,,,,,,,,,,,,,,,,406,5,406,W,58.48," ,W",75.5,W,84.5,W,66.5,W,240,W,240,W,40,W,53,W
USW00012841,"ORLANDO EXECUTIVE AIRPORT, FL US",28.54653,-81.33544,31.7,2020,7.6,W,4509,4509,W,149,W,85,W,0,W,0,W,0,W,342,W,146,W,35,"W,0122, ",2.49," ,W,0609, ",97,"W,0904,+",,,,,,,,,,,,,,,,,272,4,272,W,58.95," ,W",76.4,W,85.3,W,67.4,W,280,W,350,W,42.9,W,51,W
USW00012841,"ORLANDO EXECUTIVE AIRPORT, FL US",28.54653,-81.33544,31.7,2021,7.2,W,4031,4031,W,131,W,81,W,0,W,0,W,0,W,338,W,120,W,38,"W,0204,+",5.14," ,W,0806, ",98,"W,0611, ",,,,,,,,,,,,,,,,,382,2,382,W,51.72," ,W",75.2,W,84.3,W,66.2,W,290,W,210,W,35.1,W,50.1,W
USW00012841,"ORLANDO EXECUTIVE AIRPORT, FL US",28.54653,-81.33544,31.7,2022,6.9,W,4329,4329,W,135,W,81,W,0,W,2,W,0,W,336,W,140,W,30,"W,1225, ",6.74," ,W,0928, ",99,"W,0713,+",31,"W,1224",,,,,,,,,,,,,,,265,0,265,W,63.45," ,W",75.8,W,85.1,W,66.6,W,110,W,80,W,51,W,65.1,W
USW00012841,"ORLANDO EXECUTIVE AIRPORT, FL US",28.54653,-81.33544,31.7,2023,7.6,W,4222,4222,W,121,W,81,W,0,W,0,W,0,W,344,W,133,W,36,"W,0115, ",4.39," ,W,1116, ",99,"W,0812, ",,,,,,,,,,,,,,,,,282,8,282,W,52.51," ,W",75.8,W,85.1,W,66.6,W,270,W,190,W,40,W,57.9,W
USW00012882,"MIAMI OPA LOCKA AIRPORT, FL US",25.91017,-80.28283,1.3,2016,8.5,W,4822,4822,W,139,W,91,W,0,W,0,W,0,W,351,W,116,W,46,"W,0208,+",1.79," ,W,0519, ",97,"W,0618, ",,,,,,,,,,,,,,,,,68,9,68,W,47.51," ,W",78.1,W,85.4,W,70.8,W,270,W,270,W,40.9,W,52.1,W
USW00012882,"MIAMI OPA LOCKA AIRPORT, FL US",25.91017,-80.28283,1.3,2017,8.5,W,4719,4719,W,149,W,103,W,0,W,0,W,0,W,344,W,112,W,43,"W,1214, ",4.97," ,W,0910, ",97,"W,0528, ",,,,,,,,,,,,,,,,,24,2,24,W,83.02," ,W",78.2,W,85.5,W,70.9,W,140,W,110,W,55,W,85,W
USW00012882,"MIAMI OPA LOCKA AIRPORT, FL US",25.91017,-80.28283,1.3,2018,8.3,W,4736,4736,W,126,W,82,W,0,W,0,W,0,W,355,W,113,W,41,"W,0118,+",3.17," ,W,0520, ",95,"W,0719, ",,,,,,,,,,,,,,,,,123,4,123,W,53.02," ,W",77.7,W,85.4,W,70.1,W,90,W,90,W,61.1,W,69.1,W
USW00012882,"MIAMI OPA LOCKA AIRPORT, FL US",25.91017,-80.28283,1.3,2019,8.3,W,5005,5005,W,132,W,87,W,0,W,0,W,0,W,359,W,124,W,45,"W,0121, ",2.7," ,W,0708, ",97,"W,0809, ",,,,,,,,,,,,,,,,,64,6,64,W,62.39," ,W",78.6,W,86.2,W,71.1,W,300,W,300,W,38,W,49,W
USW00012882,"MIAMI OPA LOCKA AIRPORT, FL US",25.91017,-80.28283,1.3,2020,8.7,W,4872,4872,W,136,W,70,W,0,W,0,W,0,W,355,W,110,W,39,"W,0122, ",5.98," ,W,0515, ",96,"W,0830,+",,,,,,,,,,,,,,,,,60,1,60,W,55.15," ,W",78.1,W,85.4,W,70.8,W,310,W,130,W,38.9,W,50.1,W
USW00012882,"MIAMI OPA LOCKA AIRPORT, FL US",25.91017,-80.28283,1.3,2021,7.8,W,4675,4675,W,135,W,79,W,0,W,0,W,0,W,360,W,117,W,43,"W,0204, ",2.31," ,W,0712, ",95,"W,0906,+",,,,,,,,,,,,,,,,,115,9,115,W,43.63," ,W",77.6,W,85.3,W,69.9,W,70,W,190,W,33.1,W,42.9,W
USW00012882,"MIAMI OPA LOCKA AIRPORT, FL US",25.91017,-80.28283,1.3,2022,8.3,W,4935,4935,W,148,W,91,W,0,W,0,W,0,W,357,W,116,W,41,"W,0130, ",4.7," ,W,1120, ",95,"W,0907,+",,,,,,,,,,,,,,,,,66,6,66,W,58.79," ,W",78.2,W,85.7,W,70.8,W,230,W,140,W,36.9,W,48.1,W
USW00012882,"MIAMI OPA LOCKA AIRPORT, FL US",25.91017,-80.28283,1.3,2023,7.8,W,4919,4919,W,157,W,97,W,0,W,0,W,0,W,359,W,120,W,42,"W,0115, ",6.58," ,W,1115, ",97,"W,0723, ",,,,,,,,,,,,,,,,,61,8,61,W,79.98," ,W",78.4,W,86.1,W,70.7,W,160,W,210,W,42.9,W,59.9,W
USW00093841,"WHITING FIELD NAS, FL US",30.71667,-87.01667,60.7,2016,,,,,,86,W,60,W,,,,,,,,,,,,,4.17," ,W,0604, ",,,,,,,,,,,,,,,,,,,1264,0,1264,W,45.46," ,W",,,,,,,,,,,,,,
USW00093841,"WHITING FIELD NAS, FL US",30.71667,-87.01667,60.7,2017,,,,,,,,,,,,,,,,,,,,,,,,,,,,,,,,,,,,,,,,,,,,,,,,,,,,,,,,,,,,,
USW00093841,"WHITING FIELD NAS, FL US",30.71667,-87.01667,60.7,2018,,,,,,,,,,,,,,,,,,,,,,,,,,,,,,,,,,,,,,,,,,,,,,,,,,,,,,,,,,,,,
USW00093841,"WHITING FIELD NAS, FL US",30.71667,-87.01667,60.7,2019,,,,,,,,,,,,,,,,,,,,,,,,,,,,,,,,,,,,,,,,,,,,,,,,,,,,,,,,,,,,,
USW00093841,"WHITING FIELD NAS, FL US",30.71667,-87.01667,60.7,2020,,,,,,,,,,,,,,,,,,,,,,,,,,,,,,,,,,,,,,,,,,,,,,,,,,,,,,,,,,,,,
USW00093841,"WHITING FIELD NAS, FL US",30.71667,-87.01667,60.7,2021,5.4,W,,,,,,,,,,,,,,,,,,,,,,,,,,,,,,,,,,,,,,,,1656,1,1656, ,,,,,,,,,170,W,160,W,38,W,50.1,W
USW00093841,"WHITING FIELD NAS, FL US",30.71667,-87.01667,60.7,2022,,,,,,,,,,,,,,,,,,,,,,,,,,,,,,,,,,,,,,,,,,,,,,,,,,,,,,,,,,,,,
USW00093841,"WHITING FIELD NAS, FL US",30.71667,-87.01667,60.7,2023,,,,,,,,,,,,,,,,,,,,,,,,,,,,,,,,,,,,,,,,,,,,,,,,,,,,,,,,,,,,,
USW00012883,"LAKELAND LINDER REGIONAL AIRPORT, FL US",28,-82.05,45.1,2016,5.6,W,3937,3937,W,122,W,89,W,0,W,0,W,0,W,342,W,131,W,34,"W,0124, ",3.48," ,W,0831, ",97,"W,0821,+",,,,,,,,,,,,,,,,,343,7,343,W,58.29," ,W",74.8,W,84.9,W,64.7,W,290,W,,,36.9,W,,
USW00012883,"LAKELAND LINDER REGIONAL AIRPORT, FL US",28,-82.05,45.1,2017,5.8,W,3974,3974,W,132,W,100,W,0,W,0,W,0,W,349,W,132,W,33,"W,0108, ",5.93," ,W,0911, ",96,"W,0831,+",,,,,,,,,,,,,,,,,205,7,205,W,68.83," ,W",75.2,W,85.5,W,64.9,W,80,W,,,51,W,,
USW00012883,"LAKELAND LINDER REGIONAL AIRPORT, FL US",28,-82.05,45.1,2018,,,,,,,,,,,,,,,,,,,,,,,,,,,,,,,,,,,,,,,,,,,,,,,,,,,,,,,,,,,,,
USW00012883,"LAKELAND LINDER REGIONAL AIRPORT, FL US",28,-82.05,45.1,2019,,,,,,,,,,,,,,,,,,,,,,,,,,,,,,,,,,,,,,,,,,,,,,,,,,,,,,,,,,,,,
USW00012883,"LAKELAND LINDER REGIONAL AIRPORT, FL US",28,-82.05,45.1,2020,6.5,W,4279,4279,W,125,W,89,W,0,W,1,W,0,W,347,W,141,W,31,"W,0122, ",3.55," ,W,1112, ",97,"W,0625,+",,,,,,,,,31,"W,0122",,,,,,,,,,,51.26," ,W",75.7,W,85.5,W,65.9,W,150,W,,,36.9,W,,
USW00012883,"LAKELAND LINDER REGIONAL AIRPORT, FL US",28,-82.05,45.1,2021,5.8,W,4047,4047,W,115,W,80,W,0,W,0,W,0,W,344,W,140,W,34,"W,0204, ",3.76," ,W,0707, ",97,"W,0821, ",,,,,,,,,,,,,,,,,387,8,387,W,48.57," ,W",75.2,W,85.2,W,65.3,W,220,W,,,38.9,W,,
USW00012883,"LAKELAND LINDER REGIONAL AIRPORT, FL US",28,-82.05,45.1,2022,6,W,,,,118,W,73,W,,,,,,,,,,,,,2.96," ,W,0929, ",,,,,,,,,,,,,,,,,,,,,,,48.63," ,W",,,,,,,20,W,,,47,W,,
USW00012883,"LAKELAND LINDER REGIONAL AIRPORT, FL US",28,-82.05,45.1,2023,6,W,4259,4259,W,120,W,72,W,0,W,0,W,0,W,348,W,146,W,34,"W,0115, ",3.5," ,W,0526, ",99,"W,0812,+",,,,,,,,,,,,,,,,,,,,,51.65," ,W",76,W,86.2,W,65.8,W,120,W,,,38,W,,
USW00012835,"FORT MYERS PAGE FIELD AIRPORT, FL US",26.58495,-81.86146,3.8,2016,6.9,W,4204,4204,W,130,W,84,W,0,W,0,W,0,W,344,W,123,W,41,"W,0124, ",3.29," ,W,0127, ",96,"W,0826,+",,,,,,,,,,,,,,,,,213,3,213,W,63.91," ,W",75.8,W,85,W,66.7,W,250,W,260,W,45,W,68,W
USW00012835,"FORT MYERS PAGE FIELD AIRPORT, FL US",26.58495,-81.86146,3.8,2017,6.9,W,,,,127,W,76,W,,,,,,,,,,,,,5.63," ,W,0827, ",,,,,,,,,,,,,,,,,,,,,,,61.58," ,W",,,,,,,30,W,20,W,66,W,84.1,W
USW00012835,"FORT MYERS PAGE FIELD AIRPORT, FL US",26.58495,-81.86146,3.8,2018,6.9,W,,,,124,W,73,W,,,,,,,,,,,,,3.56," ,W,0704, ",,,,,,,,,,,,,,,,,,,,,,,52.15," ,W",,,,,,,280,W,240,W,38,W,59.1,W
USW00012835,"FORT MYERS PAGE FIELD AIRPORT, FL US",26.58495,-81.86146,3.8,2019,6.9,W,,,,123,W,89,W,,,,,0,W,349,W,143,W,,,3.67," ,W,0127, ",98,"W,0626,+",,,,,,,,,,,,,,,,,,,,,60.39," ,W",,,85.8,W,,,140,W,280,W,40,W,46.1,W
USW00012835,"FORT MYERS PAGE FIELD AIRPORT, FL US",26.58495,-81.86146,3.8,2020,7.4,W,4590,4590,W,122,W,79,W,0,W,0,W,0,W,353,W,149,W,37,"W,0122, ",2.96," ,W,0907, ",96,"W,0905,+",,,,,,,,,,,,,,,,,114,1,114,W,57.45," ,W",77.1,W,86.1,W,68,W,130,W,130,W,38.9,W,51,W
USW00012835,"FORT MYERS PAGE FIELD AIRPORT, FL US",26.58495,-81.86146,3.8,2021,6.7,W,4458,4458,W,114,W,71,W,0,W,0,W,0,W,358,W,157,W,41,"W,0204, ",4.77," ,W,0602, ",97,"W,0722, ",,,,,,,,,,,,,,,,,203,6,203,W,54.17," ,W",76.8,W,86.1,W,67.6,W,100,W,110,W,40.9,W,57.9,W
USW00012835,"FORT MYERS PAGE FIELD AIRPORT, FL US",26.58495,-81.86146,3.8,2022,,,4697,4697,W,122,W,81,W,0,W,0,W,0,W,351,W,154,W,35,"W,0130, ",4.13," ,W,0603, ",98,"W,0820, ",,,,,,,,,,,,,,,,,112,2,112,W,70.2," ,W",77.6,W,86.8,W,68.3,W,100,W,,,35.1,W,,
USW00012835,"FORT MYERS PAGE FIELD AIRPORT, FL US",26.58495,-81.86146,3.8,2023,7.4,W,4848,4848,W,99,W,69,W,0,W,0,W,0,W,357,W,168,W,40,"W,0115, ",2.2," ,W,0531, ",98,"W,0725,+",,,,,,,,,,,,,,,,,105,1,105,W,47.15," ,W",78,W,87.1,W,68.9,W,100,W,100,W,42.9,W,68,W
USW00012836,"KEY WEST INTERNATIONAL AIRPORT, FL US",24.55706,-81.75539,0.3,2016,9.8,W,5056,5056,W,120,W,64,W,0,W,0,W,0,W,356,W,64,W,54,"W,0125, ",2.56," ,W,0802, ",93,"W,0712, ",,,,,,,,,,,,,,,,,27,8,27,W,37.39," ,W",78.7,W,83.3,W,74.1,W,210,W,180,W,36,W,45,W
USW00012836,"KEY WEST INTERNATIONAL AIRPORT, FL US",24.55706,-81.75539,0.3,2017,,,5271,5271,W,107,W,60,W,0,W,0,W,0,W,360,W,58,W,54,"W,1214,+",4.39," ,W,0607, ",94,"W,0819, ",,,,,,,,,,,,,,,,,6,1,6,W,38.14," ,W",79.4,W,83.8,W,74.9,W,,,,,,,,
USW00012836,"KEY WEST INTERNATIONAL AIRPORT, FL US",24.55706,-81.75539,0.3,2018,,,5319,5319,W,110,W,61,W,0,W,0,W,0,W,353,W,80,W,53,"W,0118, ",3.41," ,W,0525, ",95,"W,0920, ",,,,,,,,,,,,,,,,,49,3,49,W,37.52," ,W",79.5,W,84,W,74.9,W,,,,,,,,
USW00012836,"KEY WEST INTERNATIONAL AIRPORT, FL US",24.55706,-81.75539,0.3,2019,9.6,W,5601,5601,W,113,W,61,W,0,W,0,W,0,W,360,W,60,W,54,"W,0129, ",5.48," ,W,1222, ",94,"W,0827,+",,,,,,,,,,,,,,,,,12,9,12,W,35.41," ,W",80.3,W,84.7,W,75.9,W,130,W,100,W,32,W,40.9,W
USW00012836,"KEY WEST INTERNATIONAL AIRPORT, FL US",24.55706,-81.75539,0.3,2020,10.3,W,5542,5542,W,110,W,65,W,0,W,0,W,0,W,358,W,81,W,50,"W,1227, ",9.37," ,W,0912, ",94,"W,0715,+",,,,,,,,,,,,,,,,,11,3,11,W,52.31," ,W",80.1,W,84.3,W,75.8,W,130,W,190,W,38.9,W,53.9,W
USW00012836,"KEY WEST INTERNATIONAL AIRPORT, FL US",24.55706,-81.75539,0.3,2021,9.6,W,5073,5073,W,114,W,61,W,0,W,0,W,0,W,359,W,25,W,57,"W,0204,+",3.67," ,W,0706, ",93,"W,0729, ",,,,,,,,,,,,,,,,,26,4,26,W,30.47," ,W",78.9,W,83.2,W,74.5,W,140,W,150,W,52.1,W,70,W
USW00012836,"KEY WEST INTERNATIONAL AIRPORT, FL US",24.55706,-81.75539,0.3,2022,9.6,W,5173,5173,W,114,W,64,W,0,W,0,W,0,W,355,W,36,W,50,"W,0131,+",4.18," ,W,0927, ",93,"W,0705, ",,,,,,,,,,,,,,,,,25,9,25,W,39.56," ,W",79,W,83.5,W,74.5,W,160,W,160,W,55,W,79,W
USW00012836,"KEY WEST INTERNATIONAL AIRPORT, FL US",24.55706,-81.75539,0.3,2023,,,5697,5697,W,96,W,53,W,0,W,0,W,0,W,360,W,102,W,53,"W,0116, ",2.47," ,W,0924, ",96,"W,0703, ",,,,,,,,,,,,,,,,,30,7,30,W,37.04," ,W",80.6,W,85.2,W,75.9,W,230,W,,,40.9,W,,
USW00003853,"MAYPORT PILOT STATION, FL US",30.4,-81.41667,4.9,2016,8.7,W,,,,82,W,47,W,,,,,0,W,288,W,62,W,,,2.47," ,W,1206, ",99,"W,0709,+",,,,,,,,,,,,,,,,,,,,,24.88," ,W",,,78.9,W,,,70,W,350,W,38.9,W,59.1,W
USW00003853,"MAYPORT PILOT STATION, FL US",30.4,-81.41667,4.9,2017,8.9,W,,,,113,W,64,W,,,,,,,,,,,,,4.52," ,W,0910, ",,,,,,,,,,,,,,,,,,,,,,,52.3," ,W",,,,,,,50,W,50,W,70,W,87,W
USW00003853,"MAYPORT PILOT STATION, FL US",30.4,-81.41667,4.9,2018,,,,,,126,W,79,W,,,,,,,,,,,,,2.71," ,W,0628, ",,,,,,,,,,,,,,,,,,,,,,,45.8," ,W",,,,,,,150,W,140,W,40,W,53,W
USW00003853,"MAYPORT PILOT STATION, FL US",30.4,-81.41667,4.9,2019,,,3236,3236,W,123,W,70,W,0,W,0,W,0,W,269,W,70,W,35,"W,0130, ",5.36," ,W,1007, ",97,"W,0702,+",,,,,,,,,,,,,,,,,,,,,46.61," ,W",72,W,79.3,W,64.6,W,30,W,220,W,36.9,W,47,W
USW00003853,"MAYPORT PILOT STATION, FL US",30.4,-81.41667,4.9,2020,9.6,W,,,,141,W,87,W,,,,,,,,,,,,,3.07," ,W,0607, ",,,,,,,,,,,,,,,,,,,750,9,750,W,46.85," ,W",,,,,,,220,W,220,W,45,W,57,W
USW00003853,"MAYPORT PILOT STATION, FL US",30.4,-81.41667,4.9,2021,9.6,W,,,,120,W,75,W,,,,,,,,,,,,,2.74," ,W,0919, ",,,,,,,,,,,,,,,,,,,,,,,54.88," ,W",,,,,,,30,W,270,W,40.9,W,53,W
USW00003853,"MAYPORT PILOT STATION, FL US",30.4,-81.41667,4.9,2022,9.6,W,,,,115,W,69,W,,,,,,,,,,,,,3.31," ,W,1012, ",,,,,,,,,,,,,,,,,,,,,,,43.35," ,W",,,,,,,80,W,220,W,49,W,66,W
USW00003853,"MAYPORT PILOT STATION, FL US",30.4,-81.41667,4.9,2023,,,,,,,,,,,,,,,,,,,,,,,,,,,,,,,,,,,,,,,,,,,,,,,,,,,,,,,,,,,,,
USW00012833,"CROSS CITY AIRPORT, FL US",29.63333,-83.10528,11.6,2016,,,,,,139,W,82,W,,,,,,,,,,,,,8.23," ,W,0901, ",,,,,,,,,,,,,,,,,,,833,6,833,W,63.66," ,W",,,,,,,,,,,,,,
USW00012833,"CROSS CITY AIRPORT, FL US",29.63333,-83.10528,11.6,2017,,,,,,112,W,68,W,,,,,,,,,,,,,4.38," ,W,0606, ",,,,,,,,,,,,,,,,,,,,,,,58.9," ,W",,,,,,,,,,,,,,
USW00012833,"CROSS CITY AIRPORT, FL US",29.63333,-83.10528,11.6,2018,5.4,W,,,,141,W,97,W,,,,,,,,,,,,,4.82," ,W,1214, ",,,,,,,,,,,,,,,,,,,,,,,73.72," ,W",,,,,,,150,W,,,29.1,W,,
USW00012833,"CROSS CITY AIRPORT, FL US",29.63333,-83.10528,11.6,2019,5.4,W,3111,3111,W,118,W,77,W,0,W,9,W,0,W,306,W,118,W,26,"W,0131, ",4.9," ,W,0609, ",98,"W,0525, ",29,"W,1203",,,,,,,30,"W,0307",26,"W,0131",,,,,1030,5,1030,W,59.29," ,W",70.8,W,81.9,W,59.7,W,270,W,,,33.1,W,,
USW00012833,"CROSS CITY AIRPORT, FL US",29.63333,-83.10528,11.6,2020,,,,,,124,W,84,W,,,,,,,,,,,,,2.29," ,W,0727, ",,,,,,,,,,,,,,,,,,,942,4,942,W,51.13," ,W",,,,,,,,,,,,,,
USW00012833,"CROSS CITY AIRPORT, FL US",29.63333,-83.10528,11.6,2021,,,,,,126,W,81,W,,,,,,,,,,,,,3.28," ,W,0803, ",,,,,,,,,,,,,,,,,,,,,,,60.86," ,W",,,,,,,,,,,,,,
USW00012833,"CROSS CITY AIRPORT, FL US",29.63333,-83.10528,11.6,2022,4.9,W,2933,2933,W,119,W,68,W,0,W,20,W,0,W,309,W,110,W,19,"W,1225, ",6.18," ,W,0311, ",101,"W,0624,+",31,"W,1020",22,"W,1224",22,"W,1224",19,"W,1225",32,"W,0220",20,"W,0130",20,"W,0130",,,,,,,41.05," ,W",69.9,W,81.7,W,58.1,W,20,W,,,29.1,W,,
USW00012833,"CROSS CITY AIRPORT, FL US",29.63333,-83.10528,11.6,2023,,,2884,2884,W,104,W,69,W,0,W,14,W,0,W,320,W,95,W,28,"W,1130,+",4.74," ,W,0622, ",100,"W,0813, ",28,"W,1129",,,,,,,30,"W,0321",,,,,,,830,4,830,W,62.27," ,W",70.6,W,81.8,W,59.4,W,,,,,,,,
USW00012834,"DAYTONA BEACH INTERNATIONAL AIRPORT, FL US",29.17351,-81.07185,7.9,2016,6.9,W,3412,3412,W,106,W,62,W,0,W,1,W,0,W,321,W,91,W,31,"W,0124, ",4.29," ,W,1007, ",97,"W,0729,+",,,,,,,,,31,"W,0124",,,,,,,524,4,524,W,44.68," ,W",72.6,W,81.9,W,63.4,W,20,W,360,W,52.1,W,70.9,W
USW00012834,"DAYTONA BEACH INTERNATIONAL AIRPORT, FL US",29.17351,-81.07185,7.9,2017,6.9,W,3407,3407,W,121,W,72,W,0,W,0,W,0,W,336,W,74,W,35,"W,0108, ",4.1," ,W,0910, ",95,"W,0901,+",,,,,,,,,,,,,,,,,414,3,414,W,49.98," ,W",73,W,82,W,64.1,W,60,W,50,W,53.9,W,78.1,W
USW00012834,"DAYTONA BEACH INTERNATIONAL AIRPORT, FL US",29.17351,-81.07185,7.9,2018,6.5,W,3340,3340,W,138,W,96,W,0,W,4,W,0,W,314,W,60,W,28,"W,0118, ",2.91," ,W,1025, ",94,"W,0916,+",,,,,,,,,32,"W,0119",,,,,,,665,5,665,W,63.55," ,W",72.2,W,80.7,W,63.7,W,40,W,330,W,33.1,W,46.1,W
USW00012834,"DAYTONA BEACH INTERNATIONAL AIRPORT, FL US",29.17351,-81.07185,7.9,2019,6.9,W,3539,3539,W,126,W,81,W,0,W,0,W,0,W,324,W,78,W,36,"W,0121, ",5.57," ,W,1009, ",98,"W,0527, ",,,,,,,,,,,,,,,,,558,8,558,W,58.99," ,W",73.3,W,81.9,W,64.7,W,50,W,30,W,40,W,61.1,W
USW00012834,"DAYTONA BEACH INTERNATIONAL AIRPORT, FL US",29.17351,-81.07185,7.9,2020,6.9,W,3534,3534,W,142,W,82,W,0,W,0,W,0,W,333,W,64,W,33,"W,1226, ",2.62," ,W,1122, ",96,"W,0630,+",,,,,,,,,,,,,,,,,476,5,476,W,46.71," ,W",73.1,W,81.9,W,64.3,W,270,W,270,W,40,W,51,W
USW00012834,"DAYTONA BEACH INTERNATIONAL AIRPORT, FL US",29.17351,-81.07185,7.9,2021,6.5,W,3322,3322,W,112,W,75,W,0,W,0,W,0,W,328,W,63,W,33,"W,0204, ",5.44," ,W,1105, ",97,"W,0821, ",,,,,,,,,,,,,,,,,664,2,664,W,47.38," ,W",72.6,W,81.6,W,63.6,W,20,W,10,W,38,W,49,W
USW00012834,"DAYTONA BEACH INTERNATIONAL AIRPORT, FL US",29.17351,-81.07185,7.9,2022,6.5,W,3519,3519,W,115,W,80,W,0,W,3,W,0,W,330,W,88,W,27,"W,1225, ",7.91," ,W,0929, ",101,"W,0623, ",29,"W,1224",27,"W,1225",,,,,31,"W,0130",,,,,,,468,0,468,W,53.47," ,W",73.1,W,82,W,64.2,W,20,W,20,W,62,W,81,W
USW00012834,"DAYTONA BEACH INTERNATIONAL AIRPORT, FL US",29.17351,-81.07185,7.9,2023,7.2,W,3575,3575,W,122,W,76,W,0,W,1,W,0,W,335,W,87,W,32,"W,0115, ",6.69," ,W,1116, ",99,"W,0810, ",,,,,,,,,32,"W,0115",,,,,,,435,5,435,W,61.08," ,W",73.6,W,82.7,W,64.6,W,200,W,310,W,38.9,W,53.9,W
USW00013889,"JACKSONVILLE INTERNATIONAL AIRPORT, FL US",30.49529,-81.69374,7.2,2016,6.9,W,2939,2939,W,94,W,57,W,0,W,15,W,0,W,309,W,97,W,26,"W,0124, ",6.28," ,W,1007, ",101,"W,0728, ",30,"W,1121",,,,,,,32,"W,0227",26,"W,0124",,,,,978,6,978,W,38.54," ,W",69.8,W,81.1,W,58.6,W,360,W,10,W,45,W,64,W
USW00013889,"JACKSONVILLE INTERNATIONAL AIRPORT, FL US",30.49529,-81.69374,7.2,2017,6.9,W,3006,3006,W,105,W,75,W,0,W,4,W,0,W,324,W,89,W,26,"W,0108, ",5.18," ,W,0910, ",98,"W,0529, ",,,,,,,,,32,"W,0317",26,"W,0108",,,,,806,9,806,W,70.15," ,W",70.9,W,81.6,W,60.1,W,50,W,50,W,59.1,W,86.1,W
USW00013889,"JACKSONVILLE INTERNATIONAL AIRPORT, FL US",30.49529,-81.69374,7.2,2018,6.7,W,3083,3083,W,127,W,86,W,0,W,16,W,0,W,293,W,99,W,25,"W,0118, ",2.45," ,W,0423, ",98,"W,0621, ",32,"W,1128",,,,,,,30,"W,0315",26,"W,0119",,,,,1132,1,1132,W,59.85," ,W",70.2,W,80.3,W,60.1,W,260,W,270,W,38.9,W,51,W
USW00013889,"JACKSONVILLE INTERNATIONAL AIRPORT, FL US",30.49529,-81.69374,7.2,2019,6.9,W,3241,3241,W,123,W,78,W,0,W,4,W,0,W,300,W,101,W,30,"W,0131, ",3.18," ,W,0811, ",100,"W,0527, ",31,"W,1203",,,,,,,30,"W,0131",,,,,,,1000,5,1000,W,46.38," ,W",71.3,W,81.8,W,60.8,W,160,W,10,W,40,W,53.9,W
USW00013889,"JACKSONVILLE INTERNATIONAL AIRPORT, FL US",30.49529,-81.69374,7.2,2020,6.9,W,3177,3177,W,128,W,85,W,0,W,9,W,0,W,308,W,91,W,26,"W,1226, ",3.58," ,W,0607, ",97,"W,0905,+",29,"W,1201",26,"W,1226",,,,,32,"W,0122",,,,,,,850,1,850,W,56.96," ,W",71,W,81.3,W,60.8,W,20,W,260,W,44.1,W,57.9,W
USW00013889,"JACKSONVILLE INTERNATIONAL AIRPORT, FL US",30.49529,-81.69374,7.2,2021,6.3,W,2590,2590,W,117,W,81,W,0,W,5,W,0,W,299,W,65,W,28,"W,0204,+",3.01," ,W,0719, ",95,"W,0731,+",,,,,,,,,28,"W,0204",,,,,,,1231,1,1231,W,57.16," ,W",69,W,79.5,W,58.4,W,270,W,270,W,42.9,W,59.9,W
USW00013889,"JACKSONVILLE INTERNATIONAL AIRPORT, FL US",30.49529,-81.69374,7.2,2022,6.5,W,2791,2791,W,106,W,75,W,0,W,15,W,0,W,293,W,88,W,20,"W,1225, ",2.9," ,W,0407, ",100,"W,0623, ",31,"W,1223",23,"W,1224",23,"W,1224",,,30,"W,0313",22,"W,0130",22,"W,0130",,,1092,6,1092,W,55.25," ,W",69.4,W,80.3,W,58.5,W,60,W,40,W,38.9,W,59.9,W
USW00013889,"JACKSONVILLE INTERNATIONAL AIRPORT, FL US",30.49529,-81.69374,7.2,2023,6.9,W,3045,3045,W,113,W,82,W,0,W,7,W,0,W,306,W,92,W,29,"W,0116, ",4.44," ,W,0926, ",99,"W,0814,+",32,"W,1130",,,,,,,30,"W,0128",,,,,,,883,4,883,W,58.63," ,W",70.9,W,81.8,W,60,W,280,W,290,W,40.9,W,74,W
USW00073805,"NORTHWEST FLORIDA BEACHES INTERNATIONAL AIRPORT, FL US",30.34869,-85.78835,17.1,2016,6.3,W,2821,2821,W,100,W,71,W,0,W,12,W,0,W,292,W,101,W,27,"W,0124, ",4.07," ,W,1205, ",96,"W,0920,+",32,"W,1120",,,,,,,32,"W,0211",27,"W,0124",,,,,1105,9,1105,W,60.52," ,W",69.3,W,80,W,58.5,W,,,,,,,,
USW00073805,"NORTHWEST FLORIDA BEACHES INTERNATIONAL AIRPORT, FL US",30.34869,-85.78835,17.1,2017,6.3,W,2754,2754,W,119,W,86,W,0,W,8,W,0,W,318,W,62,W,26,"W,0108, ",3.36," ,W,0403, ",96,"W,0825,+",30,"W,1210",,,,,,,29,"W,0316",26,"W,0108",,,,,848,3,848,W,65.79," ,W",69.8,W,80,W,59.6,W,270,W,270,W,45,W,59.1,W
USW00073805,"NORTHWEST FLORIDA BEACHES INTERNATIONAL AIRPORT, FL US",30.34869,-85.78835,17.1,2018,6.3,W,,,,145,W,105,W,,,,,,,,,,,,,6.3," ,W,0211, ",,,,,,,,,,,,,,,,,,,1351,8,1351,W,81.32," ,W",,,,,,,360,W,,,38,W,,
USW00073805,"NORTHWEST FLORIDA BEACHES INTERNATIONAL AIRPORT, FL US",30.34869,-85.78835,17.1,2019,6.5,W,3026,3026,W,118,W,73,W,0,W,7,W,0,W,294,W,119,W,29,"W,1113, ",2.67," ,W,0609, ",100,"W,0918, ",29,"W,1113",,,,,,,32,"W,0306",,,,,,,,,,,43.52," ,W",70.1,W,80.5,W,59.6,W,270,W,280,W,38.9,W,62,W
USW00073805,"NORTHWEST FLORIDA BEACHES INTERNATIONAL AIRPORT, FL US",30.34869,-85.78835,17.1,2020,6.9,W,2991,2991,W,123,W,75,W,0,W,12,W,0,W,303,W,80,W,25,"W,0122, ",5.4," ,W,0915, ",97,"W,0905, ",30,"W,1201",26,"W,1226",,,,,31,"W,0222",25,"W,0122",,,,,1113,4,1113,W,67.25," ,W",70.1,W,80.1,W,60,W,110,W,110,W,86.1,W,86.1,W
USW00073805,"NORTHWEST FLORIDA BEACHES INTERNATIONAL AIRPORT, FL US",30.34869,-85.78835,17.1,2021,6.3,W,2492,2492,W,149,W,108,W,0,W,11,W,0,W,282,W,53,W,30,"W,0217,+",7.11," ,W,1007, ",96,"W,0726, ",31,"W,1127",,,,,,,30,"W,0217",,,,,,,1360,6,1360,W,89.05," ,W",68.2,W,77.8,W,58.6,W,160,W,170,W,51,W,72.9,W
USW00073805,"NORTHWEST FLORIDA BEACHES INTERNATIONAL AIRPORT, FL US",30.34869,-85.78835,17.1,2022,6.3,W,2636,2636,W,131,W,88,W,0,W,19,W,0,W,289,W,63,W,19,"W,1224, ",4.16," ,W,0318, ",99,"W,0623, ",31,"W,1118",24,"W,1223",19,"W,1224",19,"W,1224",29,"W,0313",27,"W,0214",,,,,1316,4,1316,W,59.17," ,W",68.4,W,78.9,W,57.9,W,310,W,300,W,45,W,53,W
USW00073805,"NORTHWEST FLORIDA BEACHES INTERNATIONAL AIRPORT, FL US",30.34869,-85.78835,17.1,2023,6.5,W,3058,3058,W,125,W,76,W,0,W,6,W,0,W,300,W,94,W,28,"W,0115, ",3.94," ,W,0427, ",103,"W,0823, ",30,"W,1129",,,,,,,32,"W,0321",,,,,,,985,5,985,W,60.37," ,W",70.6,W,80.8,W,60.4,W,110,W,110,W,74,W,74,W
USW00012897,"NAPLES MUNICIPAL AIRPORT, FL US",26.15498,-81.77514,2,2016,7.6,W,4336,4336,W,111,W,79,W,0,W,0,W,0,W,350,W,112,W,43,"W,0211, ",2.92," ,W,1004, ",95,"W,0823,+",,,,,,,,,,,,,,,,,151,2,151,W,44.55," ,W",76.4,W,84.7,W,68.1,W,220,W,200,W,53.9,W,82.1,W
USW00012897,"NAPLES MUNICIPAL AIRPORT, FL US",26.15498,-81.77514,2,2017,7.6,W,,,,110,W,80,W,,,,,,,,,,,,,8.19," ,W,0911, ",,,,,,,,,,,,,,,,,,,73,5,73,W,69.55," ,W",,,,,,,60,W,70,W,61.1,W,82.1,W
USW00012897,"NAPLES MUNICIPAL AIRPORT, FL US",26.15498,-81.77514,2,2018,7.8,W,4481,4481,W,118,W,80,W,0,W,0,W,0,W,349,W,125,W,36,"W,0118, ",2.48," ,W,0815, ",96,"W,0709,+",,,,,,,,,,,,,,,,,,,,,50.16," ,W",76.7,W,85.1,W,68.4,W,160,W,230,W,36,W,46.1,W
USW00012897,"NAPLES MUNICIPAL AIRPORT, FL US",26.15498,-81.77514,2,2019,7.6,W,4743,4743,W,103,W,68,W,0,W,0,W,0,W,352,W,146,W,44,"W,0129,+",2.41," ,W,0510, ",98,"W,0626, ",,,,,,,,,,,,,,,,,151,1,151,W,44.92," ,W",77.7,W,85.9,W,69.5,W,70,W,70,W,40,W,53.9,W
USW00012897,"NAPLES MUNICIPAL AIRPORT, FL US",26.15498,-81.77514,2,2020,8.1,W,4787,4787,W,101,W,65,W,0,W,0,W,0,W,354,W,132,W,40,"W,0122, ",3.47," ,W,0913, ",96,"W,0905,+",,,,,,,,,,,,,,,,,71,3,71,W,43.68," ,W",77.8,W,86,W,69.7,W,240,W,,,40,W,,
USW00012897,"NAPLES MUNICIPAL AIRPORT, FL US",26.15498,-81.77514,2,2021,7.4,W,4338,4338,W,92,W,61,W,0,W,0,W,0,W,357,W,107,W,41,"W,0204, ",3," ,W,0916, ",95,"W,0912,+",,,,,,,,,,,,,,,,,188,4,188,W,40.56," ,W",76.5,W,84.8,W,68.3,W,150,W,280,W,35.1,W,42.9,W
USW00012897,"NAPLES MUNICIPAL AIRPORT, FL US",26.15498,-81.77514,2,2022,,,,,,111,W,71,W,,,,,,,,,,,,,3.04," ,W,0603, ",,,,,,,,,,,,,,,,,,,93,5,93,W,51.61," ,W",,,,,,,150,W,,,45,W,,
USW00012897,"NAPLES MUNICIPAL AIRPORT, FL US",26.15498,-81.77514,2,2023,7.8,W,4900,4900,W,83,W,49,W,0,W,0,W,0,W,358,W,136,W,41,"W,0116, ",3.28," ,W,1115, ",98,"W,0812,+",,,,,,,,,,,,,,,,,,,,,26.33," ,W",78.2,W,86.4,W,70.1,W,80,W,60,W,36.9,W,48.1,W
USW00092806,"ST PETERSBURG ALBERT WHITTED AIRPORT, FL US",27.76847,-82.62568,1.3,2016,9.2,W,3993,3993,W,105,W,74,W,0,W,0,W,0,W,325,W,56,W,43,"W,0124, ",5.01," ,W,0831, ",96,"W,0706, ",,,,,,,,,,,,,,,,,286,7,286,W,59.63," ,W",75.1,W,81,W,69.1,W,200,W,220,W,42.9,W,63.1,W
USW00092806,"ST PETERSBURG ALBERT WHITTED AIRPORT, FL US",27.76847,-82.62568,1.3,2017,9.2,W,4206,4206,W,113,W,70,W,0,W,0,W,0,W,339,W,94,W,37,"W,0108, ",3.5," ,W,0910, ",97,"W,0705, ",,,,,,,,,,,,,,,,,148,5,148,W,47.35," ,W",76,W,82.2,W,69.9,W,30,W,30,W,53,W,69.1,W
USW00092806,"ST PETERSBURG ALBERT WHITTED AIRPORT, FL US",27.76847,-82.62568,1.3,2018,8.9,W,4168,4168,W,121,W,81,W,0,W,1,W,0,W,319,W,77,W,32,"W,0118, ",2.65," ,W,1220, ",94,"W,0828,+",,,,,,,,,32,"W,0118",,,,,,,326,9,326,W,48.02," ,W",75.5,W,81.5,W,69.4,W,110,W,110,W,40.9,W,50.1,W
USW00092806,"ST PETERSBURG ALBERT WHITTED AIRPORT, FL US",27.76847,-82.62568,1.3,2019,9.2,W,,,,94,W,64,W,,,,,,,,,,,,,3.62," ,W,0801, ",,,,,,,,,,,,,,,,,,,,,,,53.77," ,W",,,,,,,160,W,,,46.1,W,,
USW00092806,"ST PETERSBURG ALBERT WHITTED AIRPORT, FL US",27.76847,-82.62568,1.3,2020,9.6,W,4435,4435,W,111,W,64,W,0,W,0,W,0,W,331,W,77,W,37,"W,0122, ",4.92," ,W,1111, ",97,"W,0626, ",,,,,,,,,,,,,,,,,202,4,202,W,44.18," ,W",76.4,W,82.4,W,70.4,W,70,W,80,W,51,W,59.9,W
USW00092806,"ST PETERSBURG ALBERT WHITTED AIRPORT, FL US",27.76847,-82.62568,1.3,2021,8.9,W,4220,4220,W,103,W,58,W,0,W,0,W,0,W,332,W,73,W,44,"W,0110, ",3," ,W,1105, ",95,"W,0829,+",,,,,,,,,,,,,,,,,304,1,304,W,36.42," ,W",76,W,82,W,69.9,W,130,W,110,W,42.9,W,61.1,W
USW00092806,"ST PETERSBURG ALBERT WHITTED AIRPORT, FL US",27.76847,-82.62568,1.3,2022,8.9,W,4102,4102,W,115,W,72,W,0,W,0,W,0,W,327,W,74,W,35,"W,1225, ",3.25," ,W,0928, ",96,"W,0820, ",,,,,,,,,,,,,,,,,192,9,192,W,46.11," ,W",75.4,W,81.6,W,69.1,W,30,W,20,W,53,W,77,W
USW00092806,"ST PETERSBURG ALBERT WHITTED AIRPORT, FL US",27.76847,-82.62568,1.3,2023,8.9,W,4301,4301,W,94,W,51,W,0,W,0,W,0,W,326,W,82,W,46,"W,0115, ",3.28," ,W,0621, ",98,"W,0813, ",,,,,,,,,,,,,,,,,231,5,231,W,33.67," ,W",76.3,W,82.2,W,70.4,W,160,W,210,W,40.9,W,57.9,W
USW00012854,"ORLANDO SANFORD AIRPORT, FL US",28.77951,-81.24356,14.9,2016,7.2,W,3808,3808,W,114,W,68,W,0,W,1,W,0,W,332,W,131,W,31,"W,0124, ",5.96," ,W,1006, ",100,"W,0709, ",,,,,,,,,31,"W,0124",,,,,,,425,4,425,W,45.88," ,W",74,W,84.1,W,64,W,280,W,280,W,47,W,63.1,W
USW00012854,"ORLANDO SANFORD AIRPORT, FL US",28.77951,-81.24356,14.9,2017,7.4,W,3802,3802,W,124,W,77,W,0,W,0,W,0,W,345,W,130,W,35,"W,1211, ",9.24," ,W,0910, ",97,"W,0511, ",,,,,,,,,,,,,,,,,258,6,258,W,48.42," ,W",74.5,W,84.4,W,64.5,W,100,W,130,W,59.1,W,74,W
USW00012854,"ORLANDO SANFORD AIRPORT, FL US",28.77951,-81.24356,14.9,2018,7.2,W,3771,3771,W,145,W,87,W,0,W,3,W,0,W,331,W,124,W,25,"W,0118, ",2.58," ,W,1220, ",96,"W,0928,+",,,,,,,,,32,"W,0119",25,"W,0118",,,,,543,6,543,W,48.48," ,W",73.7,W,83.3,W,64.1,W,280,W,230,W,40.9,W,55,W
USW00012854,"ORLANDO SANFORD AIRPORT, FL US",28.77951,-81.24356,14.9,2019,7.4,W,3925,3925,W,132,W,82,W,0,W,0,W,0,W,338,W,124,W,34,"W,0121, ",2.16," ,W,0619, ",99,"W,0531, ",,,,,,,,,,,,,,,,,463,4,463,W,49.3," ,W",74.7,W,84.1,W,65.2,W,40,W,90,W,40,W,68,W
USW00012854,"ORLANDO SANFORD AIRPORT, FL US",28.77951,-81.24356,14.9,2020,7.6,W,4128,4128,W,136,W,84,W,0,W,0,W,0,W,340,W,132,W,34,"W,1226, ",2.1," ,W,0920, ",99,"W,0630, ",,,,,,,,,,,,,,,,,359,3,359,W,40.33," ,W",75.1,W,84.5,W,65.6,W,280,W,32,W,46.1,W,70,W
USW00012854,"ORLANDO SANFORD AIRPORT, FL US",28.77951,-81.24356,14.9,2021,7.2,W,3738,3738,W,123,W,74,W,0,W,0,W,0,W,336,W,111,W,34,"W,0204, ",5.17," ,W,0919, ",96,"W,0821,+",,,,,,,,,,,,,,,,,495,2,495,W,53.67," ,W",74.2,W,83.7,W,64.7,W,280,W,280,W,38,W,49,W
USW00012854,"ORLANDO SANFORD AIRPORT, FL US",28.77951,-81.24356,14.9,2022,7.2,W,3743,3743,W,121,W,71,W,0,W,3,W,0,W,333,W,125,W,28,"W,1225, ",9.42," ,W,0929, ",97,"W,0624,+",30,"W,1224",,,,,,,31,"W,0130",,,,,,,348,1,348,W,62.94," ,W",74,W,83.5,W,64.4,W,360,W,350,W,49,W,69.1,W
USW00012854,"ORLANDO SANFORD AIRPORT, FL US",28.77951,-81.24356,14.9,2023,7.4,W,3903,3903,W,104,W,64,W,0,W,0,W,0,W,341,W,115,W,33,"W,0115, ",6.22," ,W,1116, ",100,"W,0811, ",,,,,,,,,,,,,,,,,356,0,356,W,51.52," ,W",74.8,W,84.5,W,65.1,W,290,W,290,W,44.1,W,66,W
USW00092805,"POMPANO BEACH AIRPARK, FL US",26.24636,-80.11105,4.6,2016,9.8,W,4646,4646,W,130,W,76,W,0,W,0,W,0,W,352,W,71,W,43,"W,0124, ",2.51," ,W,0518, ",94,"W,0618, ",,,,,,,,,,,,,,,,,106,9,106,W,45.5," ,W",77.5,W,83.6,W,71.3,W,230,W,220,W,45,W,59.1,W
USW00092805,"POMPANO BEACH AIRPARK, FL US",26.24636,-80.11105,4.6,2017,9.6,W,4821,4821,W,130,W,79,W,0,W,0,W,0,W,354,W,88,W,44,"W,1214, ",5.64," ,W,0606, ",102,"W,0911, ",,,,,,,,,,,,,,,,,36,9,36,W,62.87," ,W",78.2,W,84.5,W,71.8,W,120,W,,,59.1,W,,
USW00092805,"POMPANO BEACH AIRPARK, FL US",26.24636,-80.11105,4.6,2018,9.6,W,4841,4841,W,123,W,73,W,0,W,0,W,0,W,355,W,95,W,41,"W,0104, ",2.98," ,W,0410, ",99,"W,0518, ",,,,,,,,,,,,,,,,,138,6,138,W,45.02," ,W",78.1,W,84.3,W,71.8,W,250,W,,,40,W,,
USW00092805,"POMPANO BEACH AIRPARK, FL US",26.24636,-80.11105,4.6,2019,9.4,W,5073,5073,W,134,W,80,W,0,W,0,W,0,W,357,W,92,W,44,"W,0121, ",4.31," ,W,1223, ",98,"W,0724, ",,,,,,,,,,,,,,,,,78,6,78,W,49.71," ,W",78.8,W,85.2,W,72.5,W,290,W,,,36.9,W,,
USW00092805,"POMPANO BEACH AIRPARK, FL US",26.24636,-80.11105,4.6,2020,9.8,W,,,,158,W,105,W,,,,,,,,,,,,,4.6," ,W,1108, ",,,,,,,,,,,,,,,,,,,76,0,76,W,76.35," ,W",,,,,,,70,W,,,40.9,W,,
USW00092805,"POMPANO BEACH AIRPARK, FL US",26.24636,-80.11105,4.6,2021,8.9,W,4681,4681,W,126,W,78,W,0,W,0,W,0,W,360,W,68,W,41,"W,0204, ",4.16," ,W,0224, ",96,"W,0909, ",,,,,,,,,,,,,,,,,,,,,48.26," ,W",77.6,W,84.2,W,71.1,W,340,W,90,W,36,W,47,W
USW00092805,"POMPANO BEACH AIRPARK, FL US",26.24636,-80.11105,4.6,2022,9.4,W,5130,5130,W,134,W,73,W,0,W,0,W,0,W,356,W,100,W,40,"W,0130, ",2.99," ,W,0601, ",95,"W,0817, ",,,,,,,,,,,,,,,,,73,4,73,W,52," ,W",78.7,W,85,W,72.4,W,310,W,160,W,42.9,W,52.1,W
USW00092805,"POMPANO BEACH AIRPARK, FL US",26.24636,-80.11105,4.6,2023,8.9,W,,,,126,W,93,W,,,,,,,,,,,,,3.58," ,W,1114, ",,,,,,,,,,,,,,,,,,,74,1,74,W,65.04," ,W",,,,,,,60,W,70,W,40.9,W,55,W
USW00012896,"MARATHON AIRPORT, FL US",24.72624,-81.0477,0.9,2016,8.3,W,5337,5337,W,132,W,74,W,0,W,0,W,0,W,352,W,102,W,53,"W,0211,+",1.73," ,W,0825, ",94,"W,0822,+",,,,,,,,,,,,,,,,,53,3,53,W,37.94," ,W",79.4,W,84.6,W,74.2,W,40,W,70,W,29.1,W,40.9,W
USW00012896,"MARATHON AIRPORT, FL US",24.72624,-81.0477,0.9,2017,8.3,W,5569,5569,W,98,W,48,W,0,W,0,W,0,W,357,W,109,W,50,"W,1214, ",4.24," ,W,0607, ",95,"W,0729, ",,,,,,,,,,,,,,,,,3,6,3,W,31.63," ,W",80.4,W,85.7,W,75,W,50,W,60,W,53.9,W,72,W
USW00012896,"MARATHON AIRPORT, FL US",24.72624,-81.0477,0.9,2018,,,5371,5371,W,96,W,48,W,0,W,0,W,0,W,352,W,112,W,49,"W,0118, ",2.5," ,W,0415, ",97,"W,0722, ",,,,,,,,,,,,,,,,,66,7,66,W,31.56," ,W",79.6,W,85.2,W,74,W,,,,,,,,
USW00012896,"MARATHON AIRPORT, FL US",24.72624,-81.0477,0.9,2019,,,6109,6109,W,104,W,64,W,0,W,0,W,0,W,361,W,159,W,53,"W,0121, ",2.68," ,W,1223, ",98,"W,0608, ",,,,,,,,,,,,,,,,,19,7,19,W,33.78," ,W",81.7,W,87.2,W,76.2,W,,,,,,,,
USW00012896,"MARATHON AIRPORT, FL US",24.72624,-81.0477,0.9,2020,8.9,W,5545,5545,W,136,W,76,W,0,W,0,W,0,W,356,W,114,W,48,"W,0122, ",8.13," ,W,0912, ",95,"W,0705, ",,,,,,,,,,,,,,,,,22,3,22,W,64.57," ,W",80,W,85.4,W,74.7,W,60,W,130,W,35.1,W,46.1,W
USW00012896,"MARATHON AIRPORT, FL US",24.72624,-81.0477,0.9,2021,,,5104,5104,W,112,W,66,W,0,W,0,W,0,W,357,W,74,W,54,"W,0204, ",2.32," ,W,1118, ",93,"W,0809, ",,,,,,,,,,,,,,,,,41,8,41,W,34.51," ,W",78.9,W,84.3,W,73.5,W,60,W,160,W,32,W,47,W
USW00012896,"MARATHON AIRPORT, FL US",24.72624,-81.0477,0.9,2022,8.3,W,5707,5707,W,107,W,57,W,0,W,0,W,0,W,354,W,131,W,46,"W,0130, ",5.47," ,W,0603, ",96,"W,0912,+",,,,,,,,,,,,,,,,,33,2,33,W,34.76," ,W",80.4,W,86.2,W,74.7,W,160,W,140,W,32,W,59.9,W
USW00012896,"MARATHON AIRPORT, FL US",24.72624,-81.0477,0.9,2023,7.4,W,5999,5999,W,105,W,69,W,0,W,0,W,0,W,359,W,154,W,50,"W,0115, ",6.68," ,W,1115, ",99,"W,0724,+",,,,,,,,,,,,,,,,,47,1,47,W,52.55," ,W",81.4,W,87.3,W,75.5,W,50,W,140,W,30,W,49,W
USW00003818,"MARIANNA MUNICIPAL AIRPORT, FL US",30.83696,-85.18352,32.8,2016,5.4,W,2879,2879,W,94,W,64,W,0,W,18,W,0,W,291,W,109,W,27,"W,0124, ",6.96," ,W,1205, ",99,"W,0709,+",31,"W,1121",,,,,,,32,"W,0214",27,"W,0124",,,,,1186,8,1186,W,50.27," ,W",69.4,W,80.8,W,58,W,200,W,50,W,38.9,W,53.9,W
USW00003818,"MARIANNA MUNICIPAL AIRPORT, FL US",30.83696,-85.18352,32.8,2017,5.6,W,2948,2948,W,111,W,72,W,0,W,10,W,0,W,315,W,93,W,24,"W,0109, ",2.61," ,W,0602, ",98,"W,0825,+",32,"W,1120",,,,,,,30,"W,0316",24,"W,0109",,,,,865,6,865,W,47.04," ,W",70.2,W,81.4,W,59,W,280,W,280,W,40.9,W,59.1,W
USW00003818,"MARIANNA MUNICIPAL AIRPORT, FL US",30.83696,-85.18352,32.8,2018,,,,,,,,,,,,,,,,,,,,,,,,,,,,,,,,,,,,,,,,,,1396,4,1396,W,,,,,,,,,,,,,,,,
USW00003818,"MARIANNA MUNICIPAL AIRPORT, FL US",30.83696,-85.18352,32.8,2019,6,W,3190,3190,W,113,W,74,W,0,W,11,W,0,W,293,W,132,W,28,"W,1113,+",2.56," ,W,1229, ",103,"W,0918, ",32,"W,1112",,,,,,,31,"W,0306",,,,,,,,,,,41.7," ,W",70.2,W,81.3,W,59.1,W,300,W,300,W,40,W,59.9,W
USW00003818,"MARIANNA MUNICIPAL AIRPORT, FL US",30.83696,-85.18352,32.8,2020,6.3,W,2940,2940,W,111,W,75,W,0,W,14,W,0,W,301,W,92,W,25,"W,1226, ",8.07," ,W,0916, ",99,"W,0720, ",29,"W,1201",27,"W,1218",,,,,32,"W,0228",27,"W,0122",,,,,1183,3,1183,W,57.48," ,W",69.6,W,80.2,W,59,W,200,W,,,38.9,W,,
USW00003818,"MARIANNA MUNICIPAL AIRPORT, FL US",30.83696,-85.18352,32.8,2021,,,2588,2588,W,128,W,81,W,0,W,13,W,0,W,289,W,63,W,29,"W,0217,+",4.91," ,W,0424, ",97,"W,0730, ",31,"W,1124",,,,,,,31,"W,0220",,,,,,,1458,1,1458,W,61.04," ,W",68.3,W,78.8,W,57.8,W,,,,,,,,
USW00003818,"MARIANNA MUNICIPAL AIRPORT, FL US",30.83696,-85.18352,32.8,2022,,,2648,2648,W,117,W,71,W,0,W,22,W,0,W,285,W,92,W,17,"W,1224, ",3.34," ,W,0318, ",102,"W,0623, ",29,"W,1118",21,"W,1223",21,"W,1223",17,"W,1224",28,"W,0313",22,"W,0130",22,"W,0130",,,1377,9,1377,W,51.36," ,W",68.1,W,79.4,W,56.8,W,,,,,,,,
USW00003818,"MARIANNA MUNICIPAL AIRPORT, FL US",30.83696,-85.18352,32.8,2023,6,W,2805,2805,W,99,W,64,W,0,W,14,W,0,W,291,W,97,W,26,"W,0115, ",5.02," ,W,1202, ",103,"W,0826, ",32,"W,1102",,,,,,,30,"W,0321",26,"W,0115",,,,,1193,7,1193,W,45.66," ,W",69.3,W,80.7,W,57.9,W,290,W,240,W,40.9,W,63.1,W
USW00012894,"FORT MYERS SW FLORIDA REGIONAL AIRPORT, FL US",26.53805,-81.75674,8.2,2016,6.9,W,4302,4302,W,128,W,79,W,0,W,0,W,0,W,346,W,127,W,42,"W,0124, ",3.02," ,W,0905, ",98,"W,0705, ",,,,,,,,,,,,,,,,,180,2,180,W,58.82," ,W",76.2,W,85.3,W,67,W,230,W,220,W,48.1,W,59.9,W
USW00012894,"FORT MYERS SW FLORIDA REGIONAL AIRPORT, FL US",26.53805,-81.75674,8.2,2017,6.9,W,4154,4154,W,124,W,83,W,0,W,0,W,0,W,355,W,122,W,39,"W,0108, ",9.08," ,W,0910, ",96,"W,0726,+",,,,,,,,,,,,,,,,,103,4,103,W,76.2," ,W",76,W,85.4,W,66.6,W,70,W,70,W,74,W,89,W
USW00012894,"FORT MYERS SW FLORIDA REGIONAL AIRPORT, FL US",26.53805,-81.75674,8.2,2018,6.9,W,4165,4165,W,125,W,80,W,0,W,0,W,0,W,348,W,130,W,33,"W,0118, ",2.95," ,W,0624, ",96,"W,0620, ",,,,,,,,,,,,,,,,,262,5,262,W,47.03," ,W",75.6,W,85.2,W,66.1,W,40,W,50,W,42.9,W,55,W
USW00012894,"FORT MYERS SW FLORIDA REGIONAL AIRPORT, FL US",26.53805,-81.75674,8.2,2019,6.9,W,4365,4365,W,123,W,77,W,0,W,0,W,0,W,349,W,145,W,40,"W,0121, ",4.6," ,W,0127, ",99,"W,0626, ",,,,,,,,,,,,,,,,,231,6,231,W,57.36," ,W",76.6,W,85.7,W,67.5,W,70,W,100,W,38,W,49,W
USW00012894,"FORT MYERS SW FLORIDA REGIONAL AIRPORT, FL US",26.53805,-81.75674,8.2,2020,7.4,W,4393,4393,W,124,W,81,W,0,W,0,W,0,W,351,W,140,W,35,"W,0122, ",3.3," ,W,0613, ",98,"W,0731, ",,,,,,,,,,,,,,,,,165,7,165,W,52," ,W",76.4,W,85.8,W,67.1,W,230,W,220,W,48.1,W,59.9,W
USW00012894,"FORT MYERS SW FLORIDA REGIONAL AIRPORT, FL US",26.53805,-81.75674,8.2,2021,6.7,W,3989,3989,W,120,W,72,W,0,W,0,W,0,W,358,W,106,W,39,"W,0204, ",2.51," ,W,1105, ",96,"W,0722, ",,,,,,,,,,,,,,,,,222,1,222,W,41.37," ,W",75.5,W,84.9,W,66.1,W,210,W,210,W,42.9,W,51,W
USW00012894,"FORT MYERS SW FLORIDA REGIONAL AIRPORT, FL US",26.53805,-81.75674,8.2,2022,6.9,W,4478,4478,W,127,W,78,W,0,W,0,W,0,W,351,W,150,W,35,"W,0130, ",4.33," ,W,0603, ",98,"W,0822, ",,,,,,,,,,,,,,,,,171,8,171,W,65.62," ,W",76.6,W,86.1,W,67.2,W,230,W,240,W,78.1,W,110.1,W
USW00012894,"FORT MYERS SW FLORIDA REGIONAL AIRPORT, FL US",26.53805,-81.75674,8.2,2023,6.9,W,4340,4340,W,104,W,69,W,0,W,0,W,0,W,355,W,136,W,39,"W,0116, ",2.42," ,W,0925, ",97,"W,0812,+",,,,,,,,,,,,,,,,,132,5,132,W,44.93," ,W",76.5,W,85.9,W,67.2,W,90,W,80,W,40.9,W,59.1,W
USW00012850,"KEY WEST NAS, FL US",24.58333,-81.68333,1.8,2016,10.7,W,,,,131,W,77,W,,,,,,,,,,,,,2.14," ,W,0519, ",,,,,,,,,,,,,,,,,,,,,,,37.76," ,W",,,,,,,270,W,250,W,38.9,W,48.1,W
USW00012850,"KEY WEST NAS, FL US",24.58333,-81.68333,1.8,2017,,,,,,,,,,,,,,,,,,,,,,,,,,,,,,,,,,,,,,,,,,,,,,,,,,,,,,,,,,,,,
USW00012850,"KEY WEST NAS, FL US",24.58333,-81.68333,1.8,2018,10.7,W,5058,5058,W,93,W,47,W,0,W,0,W,0,W,346,W,73,W,52,"W,0118, ",2.49," ,W,0525, ",94,"W,0814, ",,,,,,,,,,,,,,,,,,,,,25.96," ,W",78.9,W,84,W,73.8,W,280,W,150,W,36,W,49,W
USW00012850,"KEY WEST NAS, FL US",24.58333,-81.68333,1.8,2019,10.5,W,,,,109,W,60,W,,,,,,,,,,,,,3.95," ,W,0404, ",,,,,,,,,,,,,,,,,,,10,8,10,W,33.54," ,W",,,,,,,80,W,200,W,36,W,44.1,W
USW00012850,"KEY WEST NAS, FL US",24.58333,-81.68333,1.8,2020,11.4,W,,,,108,W,74,W,,,,,,,,,,,,,6.63," ,W,0912, ",,,,,,,,,,,,,,,,,,,,,,,53.93," ,W",,,,,,,200,W,120,W,36.9,W,47,W
USW00012850,"KEY WEST NAS, FL US",24.58333,-81.68333,1.8,2021,10.7,W,,,,107,W,68,W,,,,,,,,,,,,,4.17," ,W,0706, ",,,,,,,,,,,,,,,,,,,,,,,35.38," ,W",,,,,,,140,W,140,W,47,W,59.1,W
USW00012850,"KEY WEST NAS, FL US",24.58333,-81.68333,1.8,2022,10.7,W,6790,6790,W,,,,,0,W,0,W,0,W,351,W,199,W,54,"W,0130, ",,,98,"W,0718, ",,,,,,,,,,,,,,,,,9,0,9,W,,,84.1,W,89.2,W,78.9,W,170,W,170,W,57.9,W,68,W
USW00012850,"KEY WEST NAS, FL US",24.58333,-81.68333,1.8,2023,9.8,W,,,,92,W,56,W,,,,,,,,,,,,,1.68," ,W,1216, ",,,,,,,,,,,,,,,,,,,,,,,28.15," ,W",,,,,,,200,W,200,W,45,W,57.9,W
USC00085895,"MOORE HAVEN LOCK 1, FL US",26.84,-81.0872,10.7,2016,,,4131,4131,7,108,7,84,7,0,7,0,7,0,7,340,7,123,7,40,"7,0211,+",2.55," ,7,0717, ",97,"7,0823,+",,,,,,,,,,,,,,,,,221,7,221,7,56.35," ,7",75.6,7,84.5,7,66.7,7,,,,,,,,
USC00085895,"MOORE HAVEN LOCK 1, FL US",26.84,-81.0872,10.7,2017,,,,,,,,,,,,,,,,,,,,,,,,,,,,,,,,,,,,,,,,,,139,1,139,7,,,,,,,,,,,,,,,,
USC00085895,"MOORE HAVEN LOCK 1, FL US",26.84,-81.0872,10.7,2018,,,3923,3923,7,104,7,87,7,0,7,2,7,0,7,341,7,108,7,32,"7,0105,+",1.95," ,7,0629, ",96,"7,0704,+",,,,,,,,,32,"7,0105",,,,,,,,,,,35.3," ,7",74.8,7,84.7,7,64.8,7,,,,,,,,
USC00085895,"MOORE HAVEN LOCK 1, FL US",26.84,-81.0872,10.7,2019,,,3550,3550,7,117,7,102,7,0,7,0,7,0,7,344,7,90,7,35,"7,0122,+",2.3," ,7,0406, ",98,"7,0626, ",,,,,,,,,,,,,,,,,348,5,348,7,54.39," ,7",74.1,7,84.3,7,63.9,7,,,,,,,,
USC00085895,"MOORE HAVEN LOCK 1, FL US",26.84,-81.0872,10.7,2020,,,,,,,,,,,,,,,,,,,,,,,,,,,,,,,,,,,,,,,,,,304,1,304, ,,,,,,,,,,,,,,,,
USC00085895,"MOORE HAVEN LOCK 1, FL US",26.84,-81.0872,10.7,2021,,,,,,,,,,,,,,,,,,,,,,,,,,,,,,,,,,,,,,,,,,,,,,,,,,,,,,,,,,,,,
USC00085895,"MOORE HAVEN LOCK 1, FL US",26.84,-81.0872,10.7,2022,,,,,,,,,,,,,,,,,,,,,,,,,,,,,,,,,,,,,,,,,,,,,,,,,,,,,,,,,,,,,
USC00085895,"MOORE HAVEN LOCK 1, FL US",26.84,-81.0872,10.7,2023,,,,,,,,,,,,,,,,,,,,,,,,,,,,,,,,,,,,,,,,,,,,,,,,,,,,,,,,,,,,,
USW00012849,"FORT LAUDERDALE INTERNATIONAL AIRPORT, FL US",26.07875,-80.16223,1,2016,9.6,W,4785,4785,W,141,W,90,W,0,W,0,W,0,W,355,W,71,W,44,"W,0124, ",2.67," ,W,0615, ",95,"W,0618, ",,,,,,,,,,,,,,,,,91,7,91,W,50.31," ,W",77.8,W,83.7,W,71.9,W,270,W,260,W,36.9,W,53.9,W
USW00012849,"FORT LAUDERDALE INTERNATIONAL AIRPORT, FL US",26.07875,-80.16223,1,2017,9.6,W,4800,4800,W,141,W,91,W,0,W,0,W,0,W,358,W,82,W,47,"W,1214,+",4.78," ,W,0606, ",95,"W,0528, ",,,,,,,,,,,,,,,,,37,7,37,W,69.33," ,W",77.9,W,84.3,W,71.6,W,110,W,110,W,53,W,70,W
USW00012849,"FORT LAUDERDALE INTERNATIONAL AIRPORT, FL US",26.07875,-80.16223,1,2018,9.6,W,4697,4697,W,142,W,79,W,0,W,0,W,0,W,356,W,56,W,39,"W,0104, ",5.27," ,W,0520, ",95,"W,0721, ",,,,,,,,,,,,,,,,,147,8,147,W,50.19," ,W",77.5,W,83.6,W,71.4,W,100,W,350,W,40.9,W,53.9,W
USW00012849,"FORT LAUDERDALE INTERNATIONAL AIRPORT, FL US",26.07875,-80.16223,1,2019,9.2,W,4957,4957,W,144,W,88,W,0,W,0,W,0,W,360,W,85,W,44,"W,0121, ",7.13," ,W,1223, ",95,"W,0906,+",,,,,,,,,,,,,,,,,78,5,78,W,60.97," ,W",78.4,W,84.7,W,72.2,W,120,W,270,W,35.1,W,40.9,W
USW00012849,"FORT LAUDERDALE INTERNATIONAL AIRPORT, FL US",26.07875,-80.16223,1,2020,10.1,W,5122,5122,W,156,W,101,W,0,W,0,W,0,W,356,W,105,W,39,"W,0122, ",5.93," ,W,1108, ",96,"W,0919,+",,,,,,,,,,,,,,,,,68,7,68,W,90.07," ,W",78.7,W,85,W,72.5,W,100,W,,,40.9,W,,
USW00012849,"FORT LAUDERDALE INTERNATIONAL AIRPORT, FL US",26.07875,-80.16223,1,2021,8.9,W,4782,4782,W,132,W,91,W,0,W,0,W,0,W,362,W,71,W,45,"W,0204, ",2.39," ,W,1105, ",96,"W,0703, ",,,,,,,,,,,,,,,,,87,2,87,W,49.83," ,W",78,W,84.3,W,71.6,W,180,W,170,W,36.9,W,47,W
USW00012849,"FORT LAUDERDALE INTERNATIONAL AIRPORT, FL US",26.07875,-80.16223,1,2022,9.4,W,4971,4971,W,119,W,82,W,0,W,0,W,0,W,355,W,79,W,40,"W,0130, ",6.55," ,W,0604, ",94,"W,0906,+",,,,,,,,,,,,,,,,,66,8,66,W,58.37," ,W",78.4,W,84.5,W,72.2,W,180,W,170,W,35.1,W,47,W
USW00012849,"FORT LAUDERDALE INTERNATIONAL AIRPORT, FL US",26.07875,-80.16223,1,2023,8.5,W,4974,4974,W,143,W,95,W,0,W,0,W,0,W,360,W,91,W,43,"W,0115, ",22.5," ,W,0412, ",97,"W,0723, ",,,,,,,,,,,,,,,,,56,1,56,W,113.61," ,W",78.5,W,85.1,W,71.9,W,150,W,,,42.9,W,,
USC00082944,"FERNANDINA BEACH, FL US",30.6669,-81.4525,14.9,2016,,,,,,,,,,,,,,,,,,,,,,,,,,,,,,,,,,,,,,,,,,,,,,,,,,,,,,,,,,,,,
USC00082944,"FERNANDINA BEACH, FL US",30.6669,-81.4525,14.9,2017,,,,,,,,,,,,,,,,,,,,,,,,,,,,,,,,,,,,,,,,,,,,,,,,,,,,,,,,,,,,,
USC00082944,"FERNANDINA BEACH, FL US",30.6669,-81.4525,14.9,2023,,,,,,,,,,,,,,,,,,,,,,,,,,,,,,,,,,,,,,,,,,,,,,,,,,,,,,,,,,,,,
USW00012844,"WEST PALM BEACH INTERNATIONAL AIRPORT, FL US",26.6851,-80.09918,3.5,2016,9.6,W,4623,4623,W,129,W,86,W,0,W,0,W,0,W,353,W,100,W,40,"W,0124, ",4.79," ,W,0127, ",95,"W,0804,+",,,,,,,,,,,,,,,,,142,2,142,W,51.1," ,W",77.2,W,83.9,W,70.4,W,270,W,250,W,38,W,55.9,W
USW00012844,"WEST PALM BEACH INTERNATIONAL AIRPORT, FL US",26.6851,-80.09918,3.5,2017,9.6,W,4471,4471,W,124,W,75,W,0,W,0,W,0,W,355,W,90,W,42,"W,1214, ",5.1," ,W,1028, ",95,"W,0817, ",,,,,,,,,,,,,,,,,71,7,71,W,59.16," ,W",76.9,W,84.1,W,69.7,W,130,W,120,W,66,W,91,W
USW00012844,"WEST PALM BEACH INTERNATIONAL AIRPORT, FL US",26.6851,-80.09918,3.5,2018,9.4,W,4271,4271,W,148,W,86,W,0,W,0,W,0,W,353,W,62,W,38,"W,0104, ",3.19," ,W,0513, ",94,"W,0722,+",,,,,,,,,,,,,,,,,186,5,186,W,54.01," ,W",76.2,W,83.5,W,68.9,W,120,W,130,W,38.9,W,53.9,W
USW00012844,"WEST PALM BEACH INTERNATIONAL AIRPORT, FL US",26.6851,-80.09918,3.5,2019,9.4,W,4668,4668,W,152,W,85,W,0,W,0,W,0,W,357,W,88,W,42,"W,0121, ",2.88," ,W,0806, ",96,"W,0624, ",,,,,,,,,,,,,,,,,152,6,152,W,63.5," ,W",77.5,W,84.5,W,70.5,W,130,W,130,W,47,W,82.1,W
USW00012844,"WEST PALM BEACH INTERNATIONAL AIRPORT, FL US",26.6851,-80.09918,3.5,2020,10.1,W,4972,4972,W,161,W,98,W,0,W,0,W,0,W,356,W,100,W,41,"W,1226,+",4.44," ,W,0525, ",96,"W,0702,+",,,,,,,,,,,,,,,,,80,6,80,W,72.59," ,W",78.2,W,85.1,W,71.3,W,320,W,320,W,55.9,W,70.9,W
USW00012844,"WEST PALM BEACH INTERNATIONAL AIRPORT, FL US",26.6851,-80.09918,3.5,2021,8.9,W,4641,4641,W,139,W,88,W,0,W,0,W,0,W,360,W,84,W,39,"W,0204, ",2.99," ,W,1119, ",94,"W,0909,+",,,,,,,,,,,,,,,,,150,5,150,W,54.18," ,W",77.4,W,84.8,W,70,W,340,W,320,W,42.9,W,55,W
USW00012844,"WEST PALM BEACH INTERNATIONAL AIRPORT, FL US",26.6851,-80.09918,3.5,2022,9.4,W,4798,4798,W,140,W,70,W,0,W,0,W,0,W,355,W,104,W,37,"W,0130, ",4.52," ,W,0604, ",96,"W,0818, ",,,,,,,,,,,,,,,,,101,1,101,W,53.53," ,W",77.7,W,84.9,W,70.6,W,130,W,190,W,38,W,49,W
USW00012844,"WEST PALM BEACH INTERNATIONAL AIRPORT, FL US",26.6851,-80.09918,3.5,2023,8.9,W,4832,4832,W,153,W,95,W,0,W,0,W,0,W,360,W,112,W,40,"W,0115, ",4.97," ,W,0416, ",97,"W,0706, ",,,,,,,,,,,,,,,,,96,4,96,W,74.02," ,W",78,W,85.5,W,70.5,W,240,W,250,W,49,W,67.1,W
USW00012888,"MIAMI KENDALL TAMIAMI EXEC AIRPORT, FL US",25.64226,-80.43467,1.8,2016,7.8,W,4323,4323,W,150,W,94,W,0,W,0,W,0,W,350,W,105,W,42,"W,0124, ",4.75," ,W,0504, ",97,"W,0618, ",,,,,,,,,,,,,,,,,119,4,119,W,63.57," ,W",76.5,W,84.7,W,68.4,W,290,W,280,W,36.9,W,49,W
USW00012888,"MIAMI KENDALL TAMIAMI EXEC AIRPORT, FL US",25.64226,-80.43467,1.8,2017,7.8,W,4389,4389,W,118,W,78,W,0,W,0,W,0,W,349,W,114,W,39,"W,1214, ",3.35," ,W,0423, ",95,"W,0829,+",,,,,,,,,,,,,,,,,42,1,42,W,52.09," ,W",77.2,W,85.9,W,68.4,W,100,W,,,46.1,W,,
USW00012888,"MIAMI KENDALL TAMIAMI EXEC AIRPORT, FL US",25.64226,-80.43467,1.8,2018,7.8,W,4464,4464,W,149,W,88,W,0,W,0,W,0,W,355,W,127,W,40,"W,0105, ",4.53," ,W,0903, ",96,"W,0810,+",,,,,,,,,,,,,,,,,168,4,168,W,49.04," ,W",77,W,85.7,W,68.3,W,270,W,280,W,36.9,W,51,W
USW00012888,"MIAMI KENDALL TAMIAMI EXEC AIRPORT, FL US",25.64226,-80.43467,1.8,2019,7.6,W,4721,4721,W,136,W,78,W,0,W,0,W,0,W,356,W,135,W,45,"W,0121, ",4.04," ,W,0803, ",98,"W,0624, ",,,,,,,,,,,,,,,,,75,6,75,W,54.56," ,W",77.9,W,86.6,W,69.1,W,260,W,270,W,35.1,W,48.1,W
USW00012888,"MIAMI KENDALL TAMIAMI EXEC AIRPORT, FL US",25.64226,-80.43467,1.8,2020,8.3,W,4767,4767,W,130,W,88,W,0,W,0,W,0,W,343,W,132,W,38,"W,0122, ",4.4," ,W,0526, ",98,"W,0830,+",,,,,,,,,,,,,,,,,69,6,69,W,59.62," ,W",78.2,W,86.3,W,70.1,W,310,W,,,38.9,W,,
USW00012888,"MIAMI KENDALL TAMIAMI EXEC AIRPORT, FL US",25.64226,-80.43467,1.8,2021,7.4,W,4727,4727,W,131,W,74,W,0,W,0,W,0,W,361,W,126,W,42,"W,0204, ",2.05," ,W,0616, ",96,"W,0901,+",,,,,,,,,,,,,,,,,95,7,95,W,49.64," ,W",77.8,W,86.3,W,69.4,W,10,W,10,W,45,W,53.9,W
USW00012888,"MIAMI KENDALL TAMIAMI EXEC AIRPORT, FL US",25.64226,-80.43467,1.8,2022,,,,,,135,W,78,W,,,,,,,,,,,,,6.47," ,W,0604, ",,,,,,,,,,,,,,,,,,,,,,,64.52," ,W",,,,,,,,,,,,,,
USW00012888,"MIAMI KENDALL TAMIAMI EXEC AIRPORT, FL US",25.64226,-80.43467,1.8,2023,6.9,W,4754,4754,W,141,W,92,W,0,W,0,W,0,W,359,W,135,W,38,"W,0115, ",7.05," ,W,1115, ",100,"W,0712, ",,,,,,,,,,,,,,,,,69,6,69,W,79.41," ,W",77.9,W,86.8,W,69,W,30,W,30,W,64,W,78.1,W
USC00089120,"USHER TOWER, FL US",29.40807,-82.8188,10.1,2016,,,,,,,,,,,,,,,,,,,,,,,,,,,,,,,,,,,,,,,,,,,,,,,,,,,,,,,,,,,,,
USC00089120,"USHER TOWER, FL US",29.40807,-82.8188,10.1,2017,,,3007,3007,7,70,7,56,7,0,7,5,7,0,7,320,7,122,7,27,"7,0108, ",2.71," ,7,0717, ",99,"7,0520, ",32,"7,1210",,,,,,,29,"7,0316",28,"7,0109",,,,,,,,,56.04," ,7",72,7,83.6,7,60.4,7,,,,,,,,
USC00089120,"USHER TOWER, FL US",29.40807,-82.8188,10.1,2018,,,3230,3230,7,113,7,87,7,0,7,13,7,0,7,306,7,116,7,23,"7,0118, ",4.52," ,7,1215, ",95,"7,0917,+",32,"7,1212",,,,,,,31,"7,0315",26,"7,0119",23,"7,0118",,,864,3,864,7,76.87," ,7",71.7,7,82.1,7,61.2,7,,,,,,,,
USC00089120,"USHER TOWER, FL US",29.40807,-82.8188,10.1,2019,,,,,,100,7,80,7,,,,,,,,,,,,,4," ,7,0817, ",,,,,,,,,,,,,,,,,,,,,,,64.73," ,7",,,,,,,,,,,,,,
USC00089120,"USHER TOWER, FL US",29.40807,-82.8188,10.1,2020,,,3263,3263,7,103,7,79,7,0,7,9,7,0,7,325,7,87,7,26,"7,1227,+",2.76," ,7,0527, ",97,"7,0629,+",28,"7,1202",28,"7,1202",,,,,30,"7,0123",,,,,,,699,6,699,7,49.51," ,7",71.7,7,82.6,7,60.9,7,,,,,,,,
USC00089120,"USHER TOWER, FL US",29.40807,-82.8188,10.1,2021,,,2918,2918,7,94,7,73,7,0,7,5,7,0,7,315,7,79,7,27,"7,0204, ",4.9," ,7,0708, ",97,"7,0825, ",,,,,,,,,28,"7,0205",28,"7,0205",,,,,972,3,972,7,53.2," ,7",70.6,7,81.2,7,59.9,7,,,,,,,,
USC00089120,"USHER TOWER, FL US",29.40807,-82.8188,10.1,2022,,,3037,3037,7,97,7,70,7,0,7,13,7,0,7,310,7,100,7,22,"7,1225, ",2.27," ,7,0312, ",100,"7,0623, ",32,"7,1219",24,"7,1224",24,"7,1224",,,23,"7,0130",23,"7,0130",23,"7,0130",,,969,3,969,7,45.88," ,7",70.4,7,81.6,7,59.3,7,,,,,,,,
USC00089120,"USHER TOWER, FL US",29.40807,-82.8188,10.1,2023,,,3045,3045,7,67,7,57,7,0,7,6,7,0,7,320,7,106,7,26,"7,0115, ",7.35," ,7,1217, ",100,"7,0821,+",32,"7,1129",,,,,,,32,"7,0127",28,"7,0116",,,,,788,6,788,7,50.43," ,7",71.2,7,82.7,7,59.7,7,,,,,,,,
USW00053847,"WHITING FIELD NAS SOUTH, FL US",30.69729,-87.02073,49.9,2016,6.3,W,,,,115,W,81,W,,,,,,,,,,,,,4.92," ,W,0604, ",,,,,,,,,,,,,,,,,,,,,,,71.8," ,W",,,,,,,50,W,50,W,47,W,64,W
USW00053847,"WHITING FIELD NAS SOUTH, FL US",30.69729,-87.02073,49.9,2017,6.3,W,,,,124,W,85,W,,,,,,,,,,,,,5.39," ,W,0621, ",,,,,,,,,,,,,,,,,,,,,,,81.01," ,W",,,,,,,160,W,160,W,38.9,W,52.1,W
USW00053847,"WHITING FIELD NAS SOUTH, FL US",30.69729,-87.02073,49.9,2018,,,,,,,,,,,,,,,,,,,,,,,,,,,,,,,,,,,,,,,,,,1347,3,1347,W,,,,,,,,,,,,,,,,
USW00053847,"WHITING FIELD NAS SOUTH, FL US",30.69729,-87.02073,49.9,2019,,,,,,,,,,,,,,,,,,,,,,,,,,,,,,,,,,,,,,,,,,,,,,,,,,,,,,,,,,,,,
USW00053847,"WHITING FIELD NAS SOUTH, FL US",30.69729,-87.02073,49.9,2020,,,,,,,,,,,,,,,,,,,,,,,,,,,,,,,,,,,,,,,,,,,,,,,,,,,,,,,,,,,,,
USW00053847,"WHITING FIELD NAS SOUTH, FL US",30.69729,-87.02073,49.9,2021,,,,,,,,,,,,,,,,,,,,,,,,,,,,,,,,,,,,,,,,,,,,,,,,,,,,,,,,,,,,,
USW00053847,"WHITING FIELD NAS SOUTH, FL US",30.69729,-87.02073,49.9,2022,,,,,,,,,,,,,,,,,,,,,,,,,,,,,,,,,,,,,,,,,,,,,,,,,,,,,,,,,,,,,
USW00053847,"WHITING FIELD NAS SOUTH, FL US",30.69729,-87.02073,49.9,2023,,,,,,,,,,,,,,,,,,,,,,,,,,,,,,,,,,,,,,,,,,,,,,,,,,,,,,,,,,,,,
USC00085880,"MONTICELLO 10 SW, FL US",30.4405,-83.9858,66.8,2016,,,,,,,,,,,,,,,,,,,,,,,,,,,,,,,,,,,,,,,,,,,,,,,,,,,,,,,,,,,,,
USC00085880,"MONTICELLO 10 SW, FL US",30.4405,-83.9858,66.8,2017,,,,,,,,,,,,,,,,,,,,,,,,,,,,,,,,,,,,,,,,,,,,,,,,,,,,,,,,,,,,,
USC00085880,"MONTICELLO 10 SW, FL US",30.4405,-83.9858,66.8,2018,,,2777,2777,7,136,7,99,7,0,7,17,7,0,7,277,7,87,7,22,"7,0119, ",3.2," ,7,1202, ",97,"7,0513, ",32,"7,1128",,,,,,,31,"7,0131",26,"7,0120",22,"7,0119",,,1410,6,1410,7,76.39," ,7",68.6,7,78.7,7,58.6,7,,,,,,,,
USC00085880,"MONTICELLO 10 SW, FL US",30.4405,-83.9858,66.8,2019,,,2879,2879,7,111,7,67,7,0,7,3,7,0,7,288,7,100,7,31,"7,0131, ",2.28," ,7,0612, ",99,"7,0605,+",,,,,,,,,31,"7,0131",,,,,,,1268,2,1268,7,44.05," ,7",69.6,7,80.1,7,59.2,7,,,,,,,,
USC00085880,"MONTICELLO 10 SW, FL US",30.4405,-83.9858,66.8,2020,,,2810,2810,7,134,7,82,7,0,7,14,7,0,7,299,7,68,7,27,"7,1227,+",4.61," ,7,0608, ",95,"7,0906,+",32,"7,1201",27,"7,1226",,,,,32,"7,0223",,,,,,,1145,9,1145,7,62.4," ,7",69.4,7,79.4,7,59.4,7,,,,,,,,
USC00085880,"MONTICELLO 10 SW, FL US",30.4405,-83.9858,66.8,2021,,,,,,,,,,,,,,,,,,,,,,,,,,,,,,,,,,,,,,,,,,1363,3,1363,7,,,,,,,,,,,,,,,,
USC00085880,"MONTICELLO 10 SW, FL US",30.4405,-83.9858,66.8,2022,,,2693,2693,7,124,7,75,7,0,7,16,7,0,7,288,7,76,7,20,"7,1225,+",2.88," ,7,0116, ",102,"7,0625, ",32,"7,1219",20,"7,1224",20,"7,1224",20,"7,1224",31,"7,0314",26,"7,0131",,,,,,,,,51.24," ,7",68.7,7,79.2,7,58.1,7,,,,,,,,
USC00085880,"MONTICELLO 10 SW, FL US",30.4405,-83.9858,66.8,2023,,,,,,,,,,,,,,,,,,,,,,,,,,,,,,,,,,,,,,,,,,1038,8,1038,7,,,,,,,,,,,,,,,,
USW00092814,"ST AUGUSTINE AIRPORT, FL US",29.95917,-81.33972,3,2017,,,,,,,,,,,,,,,,,,,,,,,,,,,,,,,,,,,,,,,,,,,,,,,,,,,,,,,,,,,,,
USW00092814,"ST AUGUSTINE AIRPORT, FL US",29.95917,-81.33972,3,2018,8.1,W,2811,2811,W,142,W,86,W,0,W,7,W,0,W,261,W,31,W,25,"W,0118, ",2.29," ,W,1214, ",96,"W,0916, ",,,,,,,,,28,"W,0119",25,"W,0118",,,,,969,2,969,W,45.49," ,W",70.4,W,78.2,W,62.5,W,100,W,90,W,36,W,47,W
USW00092814,"ST AUGUSTINE AIRPORT, FL US",29.95917,-81.33972,3,2019,8.5,W,,,,123,W,69,W,,,,,,,,,,,,,2.17," ,W,0723, ",,,,,,,,,,,,,,,,,,,816,3,816,W,39.89," ,W",,,,,,,50,W,50,W,38,W,47,W
USW00092814,"ST AUGUSTINE AIRPORT, FL US",29.95917,-81.33972,3,2020,,,3207,3207,W,152,W,89,W,0,W,2,W,0,W,295,W,50,W,30,"W,1226, ",3.27," ,W,0927, ",95,"W,0712,+",30,"W,1226",,,,,,,,,,,,,,,,,,,42.35," ,W",72,W,79.7,W,64.4,W,260,W,260,W,42.9,W,53.9,W
USW00092814,"ST AUGUSTINE AIRPORT, FL US",29.95917,-81.33972,3,2021,7.8,W,2850,2850,W,152,W,81,W,0,W,0,W,0,W,287,W,24,W,33,"W,0117, ",2.79," ,W,0726, ",95,"W,0731, ",,,,,,,,,,,,,,,,,808,0,808,W,51.14," ,W",70.8,W,78.4,W,63.1,W,40,W,240,W,36,W,45,W
USW00092814,"ST AUGUSTINE AIRPORT, FL US",29.95917,-81.33972,3,2022,,,,,,108,W,64,W,,,,,,,,,,,,,4.62," ,W,0929, ",,,,,,,,,,,,,,,,,,,728,5,728, ,48.41," ,W",,,,,,,20,W,360,W,45,W,55.9,W
USW00092814,"ST AUGUSTINE AIRPORT, FL US",29.95917,-81.33972,3,2023,,,,,,,,,,,,,,,,,,,,,,,,,,,,,,,,,,,,,,,,,,,,,,,,,,,,,,,,,,,,,
USC00086657,"ORTONA LOCK 2, FL US",26.7897,-81.3044,6.1,2016,,,3376,3376,7,118,7,88,7,0,7,0,7,0,7,339,7,105,7,34,"7,0125, ",7.1," ,7,0518, ",96,"7,0822,+",,,,,,,,,,,,,,,,,345,7,345,7,64.48," ,7",73.3,7,84.1,7,62.5,7,,,,,,,,
USC00086657,"ORTONA LOCK 2, FL US",26.7897,-81.3044,6.1,2017,,,,,,101,7,77,7,,,,,,,,,,,,,3.47," ,7,0910, ",,,,,,,,,,,,,,,,,,,,,,,49.68," ,7",,,,,,,,,,,,,,
USC00086657,"ORTONA LOCK 2, FL US",26.7897,-81.3044,6.1,2018,,,,,,,,,,,,,,,,,,,,,,,,,,,,,,,,,,,,,,,,,,,,,,,,,,,,,,,,,,,,,
USC00086657,"ORTONA LOCK 2, FL US",26.7897,-81.3044,6.1,2019,,,,,,,,,,,,,,,,,,,,,,,,,,,,,,,,,,,,,,,,,,354,5,354,7,46.24," ,7",,,,,,,,,,,,,,
USC00086657,"ORTONA LOCK 2, FL US",26.7897,-81.3044,6.1,2020,,,,,,,,,,,,,,,,,,,,,,,,,,,,,,,,,,,,,,,,,,,,,,,,,,,,,,,,,,,,,
USC00086657,"ORTONA LOCK 2, FL US",26.7897,-81.3044,6.1,2021,,,,,,,,,,,,,,,,,,,,,,,,,,,,,,,,,,,,,,,,,,,,,,,,,,,,,,,,,,,,,
USC00086657,"ORTONA LOCK 2, FL US",26.7897,-81.3044,6.1,2022,,,,,,,,,,,,,,,,,,,,,,,,,,,,,,,,,,,,,,,,,,,,,,,,,,,,,,,,,,,,,
USC00086657,"ORTONA LOCK 2, FL US",26.7897,-81.3044,6.1,2023,,,,,,,,,,,,,,,,,,,,,,,,,,,,,,,,,,,,,,,,,,,,,,,,,,,,,,,,,,,,,
USW00012861,"OCALA JIM TAYLOR FIELD, FL US",29.16667,-82.23333,26.5,2019,,,,,,,,,,,,,,,,,,,,,,,,,,,,,,,,,,,,,,,,,,,,,,,,,,,,,,,,,,,,,
USW00012861,"OCALA JIM TAYLOR FIELD, FL US",29.16667,-82.23333,26.5,2020,5.6,W,3515,3515,W,131,W,52,W,0,W,10,W,0,W,330,W,103,W,25,"W,1227,+",1.14," ,W,0420, ",97,"W,0801,+",26,"W,1202",26,"W,1202",,,,,32,"W,0228",27,"W,0122",,,,,,,,,23.79," ,W",72.8,W,83.4,W,62.2,W,200,W,200,W,40.9,W,52.1,W
USW00012861,"OCALA JIM TAYLOR FIELD, FL US",29.16667,-82.23333,26.5,2021,5.4,W,3203,3203,W,120,W,64,W,0,W,5,W,0,W,321,W,95,W,26,"W,0204, ",2.32," ,W,0803, ",95,"W,0820,+",,,,,,,,,26,"W,0204",26,"W,0204",,,,,763,7,763,W,34.52," ,W",71.9,W,82.7,W,61.1,W,310,W,320,W,33.1,W,49,W
USW00012861,"OCALA JIM TAYLOR FIELD, FL US",29.16667,-82.23333,26.5,2022,5.1,W,3282,3282,W,,,,,0,W,8,W,0,W,321,W,101,W,21,"W,0130, ",,,99,"W,0624, ",25,"W,1224",25,"W,1224",23,"W,1225",,,32,"W,0210",21,"W,0130",21,"W,0130",,,681,5,681,W,,,72,W,82.7,W,61.3,W,300,W,60,W,36.9,W,47,W
USW00012861,"OCALA JIM TAYLOR FIELD, FL US",29.16667,-82.23333,26.5,2023,,,,,,,,,,,,,,,,,,,,,,,,,,,,,,,,,,,,,,,,,,,,,,,,,,,,,,,,,,,,,
USC00088756,"TALLAHASSEE AIRPORT, FL US",30.39638,-84.35581,16.8,2016,,,3087,3087,7,103,7,70,7,0,7,29,7,0,7,303,7,147,7,24,"7,0121,+",5.07," ,7,0902, ",105,"7,0831,+",30,"7,1121",28,"7,1210",,,,,32,"7,0323",28,"7,0228",24,"7,0121",,,,,,,62.52," ,7",69.6,7,83,7,56.2,7,,,,,,,,
USC00088756,"TALLAHASSEE AIRPORT, FL US",30.39638,-84.35581,16.8,2017,,,,,,113,7,78,7,0,7,16,7,,,,,,,23,"7,0109, ",4.32," ,7,0607, ",,,32,"7,1120",26,"7,1210",,,,,25,"7,0317",25,"7,0317",23,"7,0109",,,952,9,952, ,57.95," ,7",,,,,57.4,7,,,,,,,,
USC00088756,"TALLAHASSEE AIRPORT, FL US",30.39638,-84.35581,16.8,2018,,,,,,,,,,,,,,,,,,,,,,,,,,,,,,,,,,,,,,,,,,,,,,,,,,,,,,,,,,,,,
USC00088756,"TALLAHASSEE AIRPORT, FL US",30.39638,-84.35581,16.8,2019,,,,,,122,7,80,7,,,,,,,,,,,,,2.66," ,7,0720, ",,,,,,,,,,,,,,,,,,,,,,,41.19," ,7",,,,,,,,,,,,,,
USC00088756,"TALLAHASSEE AIRPORT, FL US",30.39638,-84.35581,16.8,2020,,,,,,125,7,82,7,,,,,0,7,306,7,107,7,,,3.01," ,7,0917, ",100,"7,0721, ",,,,,,,,,,,,,,,,,,,,,60.85," ,7",,,81.7,7,,,,,,,,,,
USC00088756,"TALLAHASSEE AIRPORT, FL US",30.39638,-84.35581,16.8,2021,,,,,,140,7,89,7,,,,,0,7,293,7,100,7,,,2.2," ,7,0103, ",98,"7,0820,+",,,,,,,,,,,,,,,,,,,,,47.12," ,7",,,80.1,7,,,,,,,,,,
USC00088756,"TALLAHASSEE AIRPORT, FL US",30.39638,-84.35581,16.8,2022,,,,,,128,7,79,7,,,,,,,,,,,,,3.55," ,7,0626, ",,,,,,,,,,,,,,,,,,,,,,,58.38," ,7",,,,,,,,,,,,,,
USC00088756,"TALLAHASSEE AIRPORT, FL US",30.39638,-84.35581,16.8,2023,,,,,,,,,,,,,,,,,,,,,,,,,,,,,,,,,,,,,,,,,,,,,,,,,,,,,,,,,,,,,
USW00012818,"BROOKSVILLE HERNANDO CO AIRPORT, FL US",28.47388,-82.45374,19.7,2016,,,,,,111,W,78,W,,,,,,,,,,,,,4.56," ,W,0902, ",,,,,,,,,,,,,,,,,,,592,9,592,W,49.91," ,W",,,,,,,20,W,,,40,W,,
USW00012818,"BROOKSVILLE HERNANDO CO AIRPORT, FL US",28.47388,-82.45374,19.7,2017,,,,,,96,W,63,W,,,,,,,,,,,,,5.97," ,W,0910, ",,,,,,,,,,,,,,,,,,,,,,,50.35," ,W",,,,,,,20,W,,,42.9,W,,
USW00012818,"BROOKSVILLE HERNANDO CO AIRPORT, FL US",28.47388,-82.45374,19.7,2018,6,W,3359,3359,W,139,W,98,W,0,W,17,W,0,W,326,W,118,W,23,"W,0118,+",3.81," ,W,1220, ",96,"W,0920,+",32,"W,1128",,,,,,,28,"W,0316",26,"W,0119",23,"W,0118",,,758,9,758,W,64.52," ,W",72,W,83.5,W,60.5,W,280,W,150,W,36,W,46.1,W
USW00012818,"BROOKSVILLE HERNANDO CO AIRPORT, FL US",28.47388,-82.45374,19.7,2019,6,W,3522,3522,W,120,W,84,W,0,W,6,W,0,W,337,W,137,W,27,"W,0117, ",2.52," ,W,0707, ",99,"W,0528, ",31,"W,1203",,,,,,,30,"W,0307",27,"W,0117",,,,,686,9,686,W,59.01," ,W",73,W,84.5,W,61.4,W,260,W,220,W,40,W,62,W
USW00012818,"BROOKSVILLE HERNANDO CO AIRPORT, FL US",28.47388,-82.45374,19.7,2020,6.5,W,3699,3699,W,118,W,82,W,0,W,4,W,0,W,340,W,137,W,24,"W,1227, ",3.95," ,W,0604, ",100,"W,0522, ",29,"W,1209",26,"W,1226",,,,,26,"W,0122",26,"W,0122",,,,,547,2,547,W,46.87," ,W",73.3,W,84.9,W,61.8,W,140,W,140,W,38,W,52.1,W
USW00012818,"BROOKSVILLE HERNANDO CO AIRPORT, FL US",28.47388,-82.45374,19.7,2021,6,W,3271,3271,W,118,W,72,W,0,W,5,W,0,W,330,W,122,W,25,"W,0204, ",3.51," ,W,0707, ",96,"W,0818,+",,,,,,,,,25,"W,0204",25,"W,0204",,,,,764,4,764,W,53.01," ,W",72.1,W,83.9,W,60.4,W,220,W,220,W,81,W,81,W
USW00012818,"BROOKSVILLE HERNANDO CO AIRPORT, FL US",28.47388,-82.45374,19.7,2022,6.3,W,,,,,,,,,,,,,,,,,,,,,,,,,,,,,,,,,,,,,,,,,,,,,,,,,,,,270,W,,,40,W,,
USW00012818,"BROOKSVILLE HERNANDO CO AIRPORT, FL US",28.47388,-82.45374,19.7,2023,6.5,W,3481,3481,W,110,W,67,W,0,W,5,W,0,W,339,W,129,W,24,"W,0115, ",3.48," ,W,0816, ",100,"W,0813, ",31,"W,1129",,,,,,,32,"W,0321",27,"W,0116",,,,,537,3,537,W,49.59," ,W",73.1,W,85.1,W,61,W,270,W,260,W,64,W,66,W
USW00012815,"ORLANDO INTERNATIONAL AIRPORT, FL US",28.41822,-81.32413,27.1,2016,7.6,W,3783,3783,W,129,W,75,W,0,W,0,W,0,W,336,W,117,W,34,"W,0124, ",3.3," ,W,0324, ",98,"W,0708, ",,,,,,,,,,,,,,,,,386,4,386,W,54.33," ,W",74.1,W,84,W,64.3,W,150,W,110,W,47,W,63.1,W
USW00012815,"ORLANDO INTERNATIONAL AIRPORT, FL US",28.41822,-81.32413,27.1,2017,7.6,W,3612,3612,W,116,W,69,W,0,W,0,W,0,W,348,W,105,W,35,"W,1211, ",6.61," ,W,0910, ",96,"W,0405, ",,,,,,,,,,,,,,,,,219,9,219,W,46.65," ,W",74.1,W,84.2,W,63.9,W,110,W,50,W,59.1,W,79,W
USW00012815,"ORLANDO INTERNATIONAL AIRPORT, FL US",28.41822,-81.32413,27.1,2018,7.6,W,3781,3781,W,136,W,82,W,0,W,3,W,0,W,334,W,113,W,27,"W,0118, ",3.65," ,W,1220, ",95,"W,0927,+",,,,,,,,,27,"W,0118",27,"W,0118",,,,,483,2,483,W,51.59," ,W",73.9,W,83.6,W,64.3,W,240,W,230,W,44.1,W,69.1,W
USW00012815,"ORLANDO INTERNATIONAL AIRPORT, FL US",28.41822,-81.32413,27.1,2019,7.8,W,4035,4035,W,125,W,82,W,0,W,0,W,0,W,341,W,138,W,38,"W,0121, ",3.17," ,W,1019, ",98,"W,0625, ",,,,,,,,,,,,,,,,,402,1,402,W,48.02," ,W",75.2,W,84.8,W,65.6,W,220,W,220,W,42.9,W,67.1,W
USW00012815,"ORLANDO INTERNATIONAL AIRPORT, FL US",28.41822,-81.32413,27.1,2020,7.8,W,4177,4177,W,131,W,93,W,0,W,0,W,0,W,342,W,135,W,35,"W,1226, ",4.05," ,W,0909, ",97,"W,0629,+",,,,,,,,,,,,,,,,,267,4,267,W,53.25," ,W",75.4,W,84.8,W,66,W,220,W,220,W,46.1,W,64,W
USW00012815,"ORLANDO INTERNATIONAL AIRPORT, FL US",28.41822,-81.32413,27.1,2021,7.4,W,3906,3906,W,119,W,77,W,0,W,0,W,0,W,338,W,136,W,35,"W,0204, ",2.52," ,W,0420, ",98,"W,0820, ",,,,,,,,,,,,,,,,,501,6,501,W,46.22," ,W",74.7,W,84.4,W,65,W,320,W,260,W,36,W,53,W
USW00012815,"ORLANDO INTERNATIONAL AIRPORT, FL US",28.41822,-81.32413,27.1,2022,7.4,W,4134,4134,W,109,W,72,W,0,W,2,W,0,W,336,W,144,W,30,"W,1225, ",7.72," ,W,0928, ",99,"W,0624,+",31,"W,1224",,,,,,,,,,,,,,,291,7,291,W,61.95," ,W",75.2,W,85,W,65.4,W,350,W,360,W,53,W,74,W
USW00012815,"ORLANDO INTERNATIONAL AIRPORT, FL US",28.41822,-81.32413,27.1,2023,7.8,W,4130,4130,W,105,W,63,W,0,W,0,W,0,W,347,W,134,W,36,"W,0115, ",3.9," ,W,0518, ",100,"W,0812, ",,,,,,,,,,,,,,,,,293,6,293,W,52.43," ,W",75.6,W,85.4,W,65.7,W,360,W,40,W,46.1,W,82.1,W
USW00012816,"GAINESVILLE REGIONAL AIRPORT, FL US",29.6917,-82.27603,40.7,2016,5.8,W,3047,3047,W,98,W,59,W,0,W,16,W,0,W,318,W,106,W,25,"W,0124,+",5.65," ,W,0606, ",98,"W,0731, ",32,"W,1120",,,,,,,32,"W,0228",27,"W,0125",,,,,877,0,877,W,42.07," ,W",70.5,W,82.4,W,58.7,W,320,W,310,W,36.9,W,53.9,W
USW00012816,"GAINESVILLE REGIONAL AIRPORT, FL US",29.6917,-82.27603,40.7,2017,5.8,W,2863,2863,W,106,W,68,W,0,W,7,W,0,W,329,W,103,W,25,"W,0316,+",6.63," ,W,0910, ",96,"W,0520, ",31,"W,1210",,,,,,,31,"W,0317",25,"W,0316",,,,,669,7,669,W,71.34," ,W",70.6,W,82.4,W,58.8,W,50,W,50,W,45,W,61.1,W
USW00012816,"GAINESVILLE REGIONAL AIRPORT, FL US",29.6917,-82.27603,40.7,2018,5.6,W,3318,3318,W,125,W,87,W,0,W,18,W,0,W,308,W,127,W,21,"W,0118, ",4.95," ,W,0409, ",97,"W,0915,+",32,"W,1206",,,,,,,29,"W,0315",23,"W,0119",23,"W,0119",,,1133,5,1133,W,60.3," ,W",71.1,W,82,W,60.2,W,180,W,40,W,38,W,53.9,W
USW00012816,"GAINESVILLE REGIONAL AIRPORT, FL US",29.6917,-82.27603,40.7,2019,5.8,W,3368,3368,W,124,W,75,W,0,W,3,W,0,W,321,W,127,W,30,"W,1203, ",2.33," ,W,0619, ",102,"W,0527, ",30,"W,1203",,,,,,,32,"W,0131",,,,,,,781,9,781,W,49.74," ,W",72.2,W,83.3,W,61.1,W,260,W,260,W,42.9,W,53,W
USW00012816,"GAINESVILLE REGIONAL AIRPORT, FL US",29.6917,-82.27603,40.7,2020,5.8,W,3016,3016,W,124,W,77,W,0,W,13,W,0,W,322,W,79,W,24,"W,1227,+",3.13," ,W,0612, ",97,"W,0905, ",29,"W,1201",26,"W,1202",,,,,31,"W,0301",,,,,,,851,9,851,W,50.48," ,W",70.6,W,81.7,W,59.5,W,290,W,250,W,38,W,55,W
USW00012816,"GAINESVILLE REGIONAL AIRPORT, FL US",29.6917,-82.27603,40.7,2021,5.4,W,2756,2756,W,121,W,83,W,0,W,8,W,0,W,308,W,72,W,26,"W,0204, ",4.67," ,W,0707, ",95,"W,0820, ",,,,,,,,,26,"W,0204",26,"W,0204",,,,,1092,7,1092,W,65.27," ,W",69.9,W,80.9,W,58.9,W,70,W,60,W,38.9,W,53.9,W
USW00012816,"GAINESVILLE REGIONAL AIRPORT, FL US",29.6917,-82.27603,40.7,2022,5.4,W,2985,2985,W,122,W,75,W,0,W,13,W,0,W,311,W,106,W,22,"W,0130, ",3.9," ,W,0311, ",99,"W,0623, ",31,"W,1223",24,"W,1224",23,"W,1225",,,32,"W,0215",22,"W,0130",22,"W,0130",,,925,9,925,W,55.05," ,W",70.4,W,81.8,W,58.9,W,200,W,50,W,38,W,62,W
USW00012816,"GAINESVILLE REGIONAL AIRPORT, FL US",29.6917,-82.27603,40.7,2023,5.8,W,3086,3086,W,103,W,70,W,0,W,5,W,0,W,322,W,101,W,27,"W,0115, ",3.12," ,W,1217, ",99,"W,0813, ",,,,,,,,,31,"W,0128",27,"W,0115",,,,,768,6,768,W,55.84," ,W",71.4,W,82.9,W,60,W,280,W,230,W,38,W,62,W
USW00012819,"LEESBURG MUNICIPAL AIRPORT, FL US",28.82143,-81.80963,20.8,2016,6.7,W,3759,3759,W,102,W,72,W,0,W,0,W,0,W,325,W,123,W,33,"W,0124, ",2.34," ,W,0324, ",98,"W,0713,+",,,,,,,,,,,,,,,,,474,6,474,W,40.67," ,W",73.8,W,83.7,W,63.9,W,300,W,290,W,35.1,W,49,W
USW00012819,"LEESBURG MUNICIPAL AIRPORT, FL US",28.82143,-81.80963,20.8,2017,6.7,W,3909,3909,W,112,W,71,W,0,W,1,W,0,W,345,W,136,W,32,"W,0108, ",6.48," ,W,0910, ",97,"W,0823,+",,,,,,,,,32,"W,0108",,,,,,,295,9,295,W,57.12," ,W",74.8,W,84.5,W,65,W,120,W,120,W,48.1,W,69.1,W
USW00012819,"LEESBURG MUNICIPAL AIRPORT, FL US",28.82143,-81.80963,20.8,2018,6.5,W,3701,3701,W,133,W,96,W,0,W,1,W,0,W,324,W,107,W,28,"W,0118, ",2.41," ,W,0722, ",96,"W,0624, ",,,,,,,,,28,"W,0118",,,,,,,519,2,519,W,49.69," ,W",73.4,W,82.6,W,64.3,W,170,W,180,W,36,W,51,W
USW00012819,"LEESBURG MUNICIPAL AIRPORT, FL US",28.82143,-81.80963,20.8,2019,6.7,W,3878,3878,W,126,W,76,W,0,W,0,W,0,W,335,W,131,W,35,"W,0121, ",1.85," ,W,0813, ",98,"W,0626,+",,,,,,,,,,,,,,,,,574,9,574,W,41.48," ,W",74.4,W,83.9,W,64.8,W,260,W,250,W,38.9,W,52.1,W
USW00012819,"LEESBURG MUNICIPAL AIRPORT, FL US",28.82143,-81.80963,20.8,2020,6.7,W,4052,4052,W,128,W,76,W,0,W,0,W,0,W,335,W,126,W,34,"W,1227,+",2.71," ,W,0618, ",99,"W,0626, ",,,,,,,,,,,,,,,,,358,7,358,W,38.73," ,W",74.7,W,84.2,W,65.3,W,270,W,270,W,36,W,46.1,W
USW00012819,"LEESBURG MUNICIPAL AIRPORT, FL US",28.82143,-81.80963,20.8,2021,6.3,W,3805,3805,W,125,W,85,W,0,W,0,W,0,W,332,W,121,W,36,"W,0204, ",2.7," ,W,1105, ",99,"W,0820, ",,,,,,,,,,,,,,,,,592,9,592,W,50.39," ,W",74.2,W,83.7,W,64.6,W,70,W,50,W,36,W,45,W
USW00012819,"LEESBURG MUNICIPAL AIRPORT, FL US",28.82143,-81.80963,20.8,2022,6.5,W,3683,3683,W,114,W,78,W,0,W,3,W,0,W,326,W,113,W,29,"W,1225,+",5.65," ,W,0520, ",98,"W,0616, ",29,"W,1224",,,,,,,32,"W,0130",,,,,,,460,5,460,W,56.37," ,W",73.5,W,83,W,63.9,W,20,W,360,W,40.9,W,57,W
USW00012819,"LEESBURG MUNICIPAL AIRPORT, FL US",28.82143,-81.80963,20.8,2023,6.5,W,3721,3721,W,114,W,69,W,0,W,0,W,0,W,339,W,112,W,35,"W,0115, ",2.97," ,W,1216, ",98,"W,0813,+",,,,,,,,,,,,,,,,,388,8,388,W,40.99," ,W",74.1,W,84,W,64.3,W,10,W,210,W,31.1,W,57.9,W
